{"version":12,"hash":{"type":"Buffer","data":"qeBzEFwwmfH8uwqZpA+YhtHFO7NyVJQvydZDcbzdcUID4+WdbhBLzGlIsnd9DYbOiFVK7P6/h/2TKKf2QzcXQPQosSqyKhuVc3s/vwO/cLRTkPPWaRIb9Kt74aB6ZOoh+2HVW9BgMWuwk9t9OIKVmjls/iUzU1K6Z8tDYDrJlWM="},"indexValueMap":{"BN1ykqhDDQlex/Fvv9qCNsxI1ZewGXtCceRAEpGnsIY=":{"valueMac":{"type":"Buffer","data":"6tnaS8QgvUMU8ybBgXsGNPlAk8GgCe4H46K1ydrv71s="}},"Bw9MRfEIO/50NmeIgwBaYkBj467gpUAQvaDgeK4NKDI=":{"valueMac":{"type":"Buffer","data":"RqbNBDDcYins8S/SEYWneq2fhDv3Z6WJaTPUqCRocjI="}},"BxBOV5JwUXcAXqzP0j6fel2zJZNvGNA5BTeF4HtdOVg=":{"valueMac":{"type":"Buffer","data":"1a3seF9BErZ2yvWz+SacXihwpY0l16HL92wlKwLFqHQ="}},"B3deLHyyQFYaccKIYrrpdzVu+c6qae11ebZ6pLSBEKE=":{"valueMac":{"type":"Buffer","data":"qUkKDHrfRlMSL2rySR4h1XYPjaz7/6gECWetmn7ZWg4="}},"CeU92DWSo0IriBhHAvMT5QLNyKxIOfQFOT8Sz98NPLM=":{"valueMac":{"type":"Buffer","data":"vr0JDf9yirYTfT+EAnis/XOGwpgyy+Nm2df63OCKWuU="}},"CiTrNkNjWqvdLSWt3+vcA+dLYfnX79lejzmK2eIHpaE=":{"valueMac":{"type":"Buffer","data":"cn1LWwtuAgDFoGvWF7BjGJvVfKXLe6Y7m/WqSziCcnQ="}},"ClWOJSUohGR7H6B4U1wa360bSCBW1PJccUNx+Z54q4g=":{"valueMac":{"type":"Buffer","data":"7kWUY+JMJHs/+JtSym8kUoWJB4V2u6Jn3Fafm+X/Wzg="}},"DU2otQZaKE3Fp4zPG2q6OXGfjWlDjt49pgkIIUlYioA=":{"valueMac":{"type":"Buffer","data":"CEq+6e0oo5RSzd0lC2LFaFBE1Z0jt7PRSWiUmcuyMFA="}},"DWSblbqZbe3kTSbe5td1/2yU1Ivh3s4IMm8kTZW3Ew0=":{"valueMac":{"type":"Buffer","data":"X6qjHNqZvuOGsmGv1vfhxsxuwDnkEK23f+665eDEwKY="}},"DqPW1barl7vFx6GnsI3sK51uaq3nBFDwAke18W/ZIl4=":{"valueMac":{"type":"Buffer","data":"vpVKHDhq/WNIacV6+FVsZaJmM+XDs3++t/PdBf/ulPY="}},"ExoYXHMbAMnBqnl3qEzzqWGvO0aoqqDxCj9tHP2MPmU=":{"valueMac":{"type":"Buffer","data":"HOY7QWQZ3RB8mLPssJwllwx3ZrUmZOLED4nSgYVa4nQ="}},"FV3n5KxlbgP0qC5muHvicPFsMz/OIUztCRl3M4uxcMg=":{"valueMac":{"type":"Buffer","data":"3qN6V6uxPXWjx+rYesEwNmq5Cs9V5YwHU2gn+/od3AE="}},"FvvVRHDtA/L3sTZ897c60TRPAavK/uLss1uL8+DHP6g=":{"valueMac":{"type":"Buffer","data":"aSY07lJ8/I4l6DRBCfk0/P0WHewtVXjn1Rm9wPV4QHU="}},"GLBcekHe+TGPVFKUQqNIU3E5EiDJ0XyX+vF2AYZxgRk=":{"valueMac":{"type":"Buffer","data":"v2fN57+M5dQ3vmVkjt74Z6kVGDndEXyqCydjiU7gAF0="}},"G0iPLFzfRVwe07bRnLYZrqKU2qWasuipJJ3twTfg0xc=":{"valueMac":{"type":"Buffer","data":"r44L/w8qzfNjdhXb6w8MwCAE5TbUs7Rf6gkOcOIVOaA="}},"HLJi6OVORp+upydbLIdCqMjWnhuBAzoVQ3YfBzBtgU4=":{"valueMac":{"type":"Buffer","data":"S5g6wVsyqNLUx6OxTOXFP7VEAnQvAVeiey5QpAKxzzQ="}},"H8SPUObA1T5UJPgW5yS2LNwvRY/6dF4qd0ktKplhSBc=":{"valueMac":{"type":"Buffer","data":"RjF1c9AV/mylVAx4IHNd2Q5nNOzvloFRTqY5RVYnR+M="}},"Isa+dXnI8fTcOy8/fahX1sU6mUM73mAth88APkmz3nI=":{"valueMac":{"type":"Buffer","data":"tnWTaDvCuPR1qk5sxiLpZZOVwnofUbBq7XvQnGjHxO8="}},"Js30U4t/x4M1z6fbgmFXyb+O5eBZiSKAL6LEQg+sEXk=":{"valueMac":{"type":"Buffer","data":"9KQujtUefPhHxgcLOfh9+uStjwQ621yqbRyBzipiHeM="}},"KP2UT50XOg5eyQ5udTIBdgo2h84BLGjBvzid3iSpfn8=":{"valueMac":{"type":"Buffer","data":"myjOB/sPtvRIxisVkZp805/UzXFy91UNeSrwCpNQOr8="}},"KYeThkbZibF400+xZuzxJrLZl3NVRYMzNM2B4C3Cp+o=":{"valueMac":{"type":"Buffer","data":"lKaWZpMTNI9rWMvfiVDYGv49vI/w1Xjd5/Ai4ZGNL18="}},"Kx15Nk2eoTocusaZzsK/neA9nXPQV63XCWB7WMouigg=":{"valueMac":{"type":"Buffer","data":"maBt5Avpzsa9hCkldhS+eWUJlRaXmdDorqcjGSIHHeQ="}},"LUeqtXua6zW+mZBLdxli/MvDAK6Hz+v2HA8Ngadya/k=":{"valueMac":{"type":"Buffer","data":"kiKe6ck09T+hBJZo1wsCTkRQXlH0Yq+jLDzl0k5ZjLE="}},"LiirDZzFVM7OeWmw6p1CwQUwztDa8VrbwHTpvQg9qdA=":{"valueMac":{"type":"Buffer","data":"XpZ+zUcEeCYZzHmtbcOD40N70gvEhaheUmMRKBeIjCI="}},"MILRNNybXDlmTXPWOOv1K2Tkd/BPQ/iBZaXvZNtjhFQ=":{"valueMac":{"type":"Buffer","data":"RTWq7S2zgD0fNdc4vUNi06zP29CJrMCKrgykxkdZbSU="}},"MYFiXtdTOkZ6uuYDpogrz5iMGGs5ZqwLELDuyoSQ8p8=":{"valueMac":{"type":"Buffer","data":"q66wL5X9MTH42bkl8SJBEic1nS4wZ04X6UpxI5rpDy0="}},"MvnHvHvfEoana9Q3vwjOKr8wUXa/20wqGzOIW4DqGhI=":{"valueMac":{"type":"Buffer","data":"7ALIWobah6rF+f8+UM8Zo4gUKRZQyUVGMzcWl45grAk="}},"M37Rm44qdJYSW+izALQYEzfAKUHrGv+OpyIv9C0oUBw=":{"valueMac":{"type":"Buffer","data":"5j4/D6hM7kIRVEJQ4DV3E+48zFQBzbLr6zgRoDXtcJM="}},"NELMhvBy36ved2Qhh5Nq6kgnpnx+vbK8dt149kBbpZ0=":{"valueMac":{"type":"Buffer","data":"B5B66ZfJJQeKpuJrZ2AvYk3AUhJkNV9MU3oIux87Wr4="}},"Nlzr+lvcmlJOvsoa+kswGFWGDe3BpJA28pKdr1wuwPc=":{"valueMac":{"type":"Buffer","data":"RhZrplkw6XsKQzQog0cersb2cO77Z5CBPfoS5yPFnq8="}},"O+YatNFPYs4tm7TMSUIFOATNgZEgEK02u7JyFFxBxXI=":{"valueMac":{"type":"Buffer","data":"46w5tp2ug8wgHpUOqmiT0+k5BWRN8s0W6LaT9RTdRWw="}},"PIGqLCdS0qZkCpqk+jJ0E9Hh+xE8DCa0frzkKjguWDc=":{"valueMac":{"type":"Buffer","data":"vHPdeA9E5o7VVZ249wz/BSSONSLtSxU2wBuYCrHGK20="}},"PQkS9ATRnmMRPMi465XsVxS5q0sg5YPNTs360YRJulU=":{"valueMac":{"type":"Buffer","data":"c1ArWmY0wQIMmMu6IklNmcXnL3n+erWRfZn8J/FWScI="}},"QQZGZ/PYkwb18o4x0CivQn071P3mg62WpSL6kIWrvYg=":{"valueMac":{"type":"Buffer","data":"WtD/3aF1tfWxsW5CkhGDY0JtwQk0g+3aF8Knco9p/VE="}},"QWl8ayb4BD0kNvXdszegOJVjw4XMwFTzGYQL5uua+Xc=":{"valueMac":{"type":"Buffer","data":"hnXOwgWehMmE7mp/clgi542MydUbzr5ZbBDsBeWbOwg="}},"QgO+441FEo2u9zqntCA6wyKkUHKp0Xmih0a99avfcHQ=":{"valueMac":{"type":"Buffer","data":"vbK0t71hM6G9uvZARJW2lwxC6XgfJIS5EJ7KFD0irSE="}},"QwPR6x3iOyqo0U2tLP3db1/W8WX3rTNiT03scIe9A7g=":{"valueMac":{"type":"Buffer","data":"a4LQWVc6aMSwOlHaY1IoO3c9AKlfB+NkpJp+DaBPHnQ="}},"Q7TjGdCyFyoQ7YzH3lOe1u4fowI8RMybVMCJlIf14KQ=":{"valueMac":{"type":"Buffer","data":"hOPQK1gEminCQaMAwaDXpNPcZY2WGy8RKS4CHyC6Mh8="}},"TyJL89+SeYfoMF5H3VCIKt3Y4BpVD38g9Nwxu4mu6fQ=":{"valueMac":{"type":"Buffer","data":"5DKLnoJeENVFXJzz+4CpsU51Pm9W1AntqSPwbKChaBQ="}},"T+GxDX5waVbCprK3CIw0u2gAR4C6PzEc+ExDOBwRyR4=":{"valueMac":{"type":"Buffer","data":"iH+eM7tjT+06DLCMMsYr9UeOUcjsli0DxY4/ngy5zSc="}},"VAyjA7ipdYRrT76htKv1beUcQYTe6E04VgrGtfNBV28=":{"valueMac":{"type":"Buffer","data":"O0WUEr3B//k27sejIjxekGF5c3IQkdcItfaDs6rO8iI="}},"VCqlI2Z79SLJUe00lTwrzEJ4HInZlzgz6kLxWd9TLMw=":{"valueMac":{"type":"Buffer","data":"/AuXA8N2L6Pg+5NlipjkPX9fIU6Fq7BAFceiWZ+guyo="}},"VUFe7/o5C7Z577mq11nFg89J41tHuEzVxNuA5DdYSVs=":{"valueMac":{"type":"Buffer","data":"79Ku8Yb4AuD5BvsMT9iKIOqTEY5nPd8Fyxk0q9cF3Vk="}},"VasSz/qZU88Tw4DsTwWIuMZliVwHux3n848FUXQyV7g=":{"valueMac":{"type":"Buffer","data":"qbANIqYoefIUqPplOZtmMZ8J4JVZpOiTVNvmyxc6Uko="}},"VgbaB52U/4LqDvgFBcyx68kI7Q/0JbRV5hfTo43LP6I=":{"valueMac":{"type":"Buffer","data":"v/Uz8p0jCQiW79bQ6Kf+UuAkgwxxJJKN5z4o/95IKRc="}},"VjCxYJvzZJuYGr0RNrJeIyDGwZUJWWhImIyZtbulAsI=":{"valueMac":{"type":"Buffer","data":"e5x6J2MKLbp4ITj/t7Qk/eeWVz/IBriF0qyw0KYrSpM="}},"WBn8/4iXmtvrRVPEGFIVBEnzrB5eKj/2DmVOEhdItHw=":{"valueMac":{"type":"Buffer","data":"juT1MJ8A358BCfYu/3fwNGgiplFv3ae4KScI3FqrsJk="}},"WD46k6MPKRPr0biBBKrla8BSTEMD7q8tif6jpQy8hB8=":{"valueMac":{"type":"Buffer","data":"FI1r3m0HQxDg0NkxYD+8yFA/bLlAuBUetNsxfbykTK8="}},"WRp0KdUZSrKBzkY4efKRpqmBluaF44/Rh7ld4iCPDhw=":{"valueMac":{"type":"Buffer","data":"Lq3Wgcmu3hEu6f10rMkVJr97TqbojHPO4ndmsGLwka0="}},"WX3cCBMJurUnMcYnVvnO3BVl1IkYugAzI5VWrCLAyzM=":{"valueMac":{"type":"Buffer","data":"WWXHIbIueAkNUejAVxUlTjAg15HdhJt6k5bB+mKKgVY="}},"WoOhbpwNZ9fp8TsQ4IvbJXAC3FWdtka1BDXPaW9UqFI=":{"valueMac":{"type":"Buffer","data":"NLRPd228hPQ6/7umSqqXK5gIywkPeejsKlMvvKpogbs="}},"XYND8aWE9G4ZhUz/4Fh5CMK2E8JPi7CRgWsw2XZ3LIE=":{"valueMac":{"type":"Buffer","data":"Rg1LVmFSEW0KV+kvvqPhk5KdERPL0EYDsvDhj/fHius="}},"YDw0S0czHAMZU77cW9ptGG25gdgPi6FFnPVyN+vIcXM=":{"valueMac":{"type":"Buffer","data":"BG7LzFF1z8/PB2xI/kVYqWH4hcYI2w+I4uWrD2bRWJE="}},"YPVZb2r1x9ol8KA2CvDuzwjClFHUt1kxeHRl8orQGxo=":{"valueMac":{"type":"Buffer","data":"mBCbIAZrTPC1LcDzSqvgLiXCro40Rk7BbtDnsdxkfu8="}},"YqWdPUEVabNfgYw65mZXMBW7yBKOVHkP9Bb4ZNAiXcc=":{"valueMac":{"type":"Buffer","data":"YzH4Zsh+kCE/u+s7JXm/kTLzuNgh3B7nev7EaA4oWmg="}},"Z2/8o7GKwERWJ0tjjH9jDrNd3AVINxRQH/HYe+EJAl4=":{"valueMac":{"type":"Buffer","data":"3oseR7cAYc1sCNRI+YmXGtNARl6Rtqgnc1mNClulhEg="}},"bTmSL4g4WWeTks/Tvy1s10qobALMnzztWVqacNj0ieM=":{"valueMac":{"type":"Buffer","data":"hGY5MXaFz3Mk/6nQZ3RD1LUGYcuMrFKwm6TazoMAyAM="}},"czR5G8gTbLm+I8UeelaJs06degzuYLJNpQ4l3VOSKYI=":{"valueMac":{"type":"Buffer","data":"hSYyfKV67wXjnFHDEbUvRo8lybENBPZm6IJjBgdUBsY="}},"dEfBjAZn1OyTM0ABX0qcGFEKaB8A47CP56UaFZURB3w=":{"valueMac":{"type":"Buffer","data":"niSQVWOut6zNo+IAhapALrgng+oDhFbXvCC65ui9hFM="}},"dMTBq1Pv8yz4Ptthqy99WsENDTb08sjUxo2rDFbAN+g=":{"valueMac":{"type":"Buffer","data":"Xxj4LsTsGy31X1ItvRw5NfLHiu62aBBF4c2MlMCXTX8="}},"dzpnD5Mip9SUeDLvg1vNKCA7l17ZtWQSR9asZ1J27W4=":{"valueMac":{"type":"Buffer","data":"fciB68r+Qsqt3HFQiUZXZ++PrrqCW+D11OmtWu3HlzM="}},"fJNXrPtPXBppc8D/XJyIQwLs5DL/o65/GKRupVz30A0=":{"valueMac":{"type":"Buffer","data":"7Bs+dNKg0NsUhuUSIWAOe1vdvo8BsqY2Yh5Mj95gtSU="}},"flvLc5a0gAgSgwen6t1wpAjYB6HLntMu5sJgiq4LM9s=":{"valueMac":{"type":"Buffer","data":"i5vhvp9JrimuHOO+otFwORXrGTVj2wyabAvWkx4tTCY="}},"fx3aFO3yFDXY6HJBIXOuQc555LYijqO1tPjVWCniT2Y=":{"valueMac":{"type":"Buffer","data":"inrXjiNok30xl8aBKtenKIQFmzzcCiqW9pOvD5bO8h4="}},"f8aCrkPuv/wVhUDeGl+ZMIXIAuM1fAispcyJopSsKNM=":{"valueMac":{"type":"Buffer","data":"piYs6ELekgGLm6hba7/iwu3pCx48rZEwOWiBJHAVCuQ="}},"gOl9WLaDpPeBT0IdRKwSawdCajw9yes/wmm7b8D+oEs=":{"valueMac":{"type":"Buffer","data":"g27ehjiVCo5bD3Kywx19D2lY6PZ6kOAUTi7HhmS3/B4="}},"iJ7hmmVxIoSmrlojERLN99qTv6PRbsXEhnv2G7yLrsU=":{"valueMac":{"type":"Buffer","data":"JaYu3ioAq7gx+tiENP2fPtrdFNKJzw9Pbd4aQ8CcJHE="}},"i7t/0JNHsmQvOZIoEwHGEypugx94tCMVXfhMZNUAkiw=":{"valueMac":{"type":"Buffer","data":"Qf4nIt2ULCUOOg5WkedbbKS3rzhT5spAZCI6fUKife0="}},"i8CfpqeUkQ99pdSj1KljljdYWajt1FJlPFc2fotRGQY=":{"valueMac":{"type":"Buffer","data":"IYRITj/gSQTTGs3o0sXuMnZ4YA4QG1yLsLVMHzS13So="}},"jClmUDp2SIQaeVWVrbpHqN6F/UlNceEfEFHHtMTxGEs=":{"valueMac":{"type":"Buffer","data":"YAL0lhvfwJ0ZwfWnrMrrHpOOtKvWWkIm3K9P5sWRrGk="}},"jYkXsF9b1gio4Mt2qyg1zVNLGsoN1vhagn59tr2ea1Y=":{"valueMac":{"type":"Buffer","data":"+UtoR3UzjHU0xeep8WwW40q+K8tMudmr775b91HEYIc="}},"knqojdv4gaPohlcVZK3f36Py7IbZQTlxoMeM6YnudAI=":{"valueMac":{"type":"Buffer","data":"klfh9Z0Gzx+68b/rR1oHh95epCjYK97cIaSA1hlSZCk="}},"k5lFRi4P4VosyswJ3lPDfZRyCsVmfwwdBc8HajP0PNw=":{"valueMac":{"type":"Buffer","data":"a1jRwICwxqSKAfY042bagQHlHjNcgwQX/IJCYF9g+oo="}},"lAKUWA5tGREeJpaEpS5t3hWkN24Yq77AFaw0nKr/z+g=":{"valueMac":{"type":"Buffer","data":"bhIckyDyxSBFUagj5/qDhExAG8ITLdUt6HV9yaS7gtk="}},"lrFSNj44ypENEhbKNTacM0XmeaKD2loGuQ3p36ShyZk=":{"valueMac":{"type":"Buffer","data":"hRE95P4jyFtIigZIBWP+84DZLeb0E3ZuQDkb5NGgpcc="}},"nMISwDAAq3rEimlgP71/mMrlZHqH/pUhqGEn/l52oZc=":{"valueMac":{"type":"Buffer","data":"CkvOFTauXJ2ALTwJV5mTiygAcFl+CStFR4HlZzi8e0o="}},"nZJXct0hKY5nIXRLLLNS8gMwh89bpbYVe5Xn5I2yeZU=":{"valueMac":{"type":"Buffer","data":"S3oTPWDdX20A938GB7PU4rv2Rn2XBxCtGdsz9bD5NtM="}},"nw89HBxYPIG8sixa7++orzKbSWwAMyCbLV/FO2SOrXM=":{"valueMac":{"type":"Buffer","data":"g3OgF7UJBng4wiazJmiQ9dxeHHCSSNNzq5wuHpvREl8="}},"pWLjQmtWKRHIjCX2/vpnAEkXWFPNeMaAl2X9CNO6i14=":{"valueMac":{"type":"Buffer","data":"HLdgnqwPbKvne/w5YVhR5rgpRj9FR7ZnGUi/BWmYh10="}},"pn4+z36jj4JyV6EL/N8qJMqcgvQtccB8qdyw5IXpi8g=":{"valueMac":{"type":"Buffer","data":"nWWyvo6gYnSXrtHt9iMihERmii00ANAZGLpy8/fY54g="}},"p7HoM6qmDXbXsEcyr0KGPrnaA7C2LwAlwdxO90tkAvc=":{"valueMac":{"type":"Buffer","data":"YIG4otsSVU921o+R8baekcTRP2kgfyEUUXHgiluQLM8="}},"p/gwshg9rxofDk71DtK2uuy4gcPPcF1Hwd5dCXRPe44=":{"valueMac":{"type":"Buffer","data":"p+gICiwIAHcgkaD/5+w5swTmpL/DxW74dl+qRG4m3hg="}},"qRKnkUnPzAKw9JYtTGPK006ReNWnrVKwTr8ZplEfuCM=":{"valueMac":{"type":"Buffer","data":"iT2OOm6+ynV9f67y/bp7/Xhps4rRXg7AdNk6dWDfBSU="}},"rl7WwG0phEXlOw4IUzZrN7VjgwBAZffBbup2oVjRQdc=":{"valueMac":{"type":"Buffer","data":"m212d6JiIjTiJrdQHRNFrvqpYFnYkV6m4ZKe5BqUK04="}},"rzmDpL0p9u2mIoRztQ5YMMNw8HdxvmZlRn25aoFiMXo=":{"valueMac":{"type":"Buffer","data":"D96s5w7Neibvhx6hsoA1nQkuSbHYFwOA8JJbHbUbZck="}},"r6i8FZf9g7aTThHsmgyPffsW/0a6PoI7hGM1yqRafC0=":{"valueMac":{"type":"Buffer","data":"mETGBOINVtcoMHd900RyaClXwp57tNdrMgOTUYS1hDw="}},"sw75UGYr1oXozyNW8KRT259GYuMlqP5fAqYz88mF3cI=":{"valueMac":{"type":"Buffer","data":"w0eluwa7LzJVc3scMbBjyGeifFoLMS4LuwWrLH+DB+8="}},"ujoN6EP0uVW7lHE5/ZDy7bzQnasRdsMfU/ftq3dNayM=":{"valueMac":{"type":"Buffer","data":"TdpwDnHQ9xSnnRvfXOw69IKO4s7sg77+9iuhFdZ1SG8="}},"v7GNsjOTFcGL260aNS/gmqiZIaihM+n+VHzVdUZa2Xw=":{"valueMac":{"type":"Buffer","data":"lj2B4blVFJDYjOZKcIXCONmwBosIiar03gvlzQIwy98="}},"wVjoJv/FXKHQBii0VVBlL5hdfKwKgGbMy+eGvJpJcJE=":{"valueMac":{"type":"Buffer","data":"2EVDku/AmjG3SLwo1A8A/T+YFANts8l+10vKUCc+5Vc="}},"wsCN/SIVueU2XaQBfHfBtODtHtknmDogEKzWXMc4uAg=":{"valueMac":{"type":"Buffer","data":"gTYkdj0uhBrCoQNx2vYvYDMwD4Z8/ch0ukF7Wm+XUK0="}},"xKK3nzYne4O9PrsAJ1MheyvruAzTH0Wp7Zxlp3mmC5Y=":{"valueMac":{"type":"Buffer","data":"zt0hEKjOMBg+aVA9kEtD/SH6WB3xUFSoQGkadmJSgk0="}},"zZ28vIZxGMV1ayEt+LfVuKpehE+G7ggjYwe+NmmxpqQ=":{"valueMac":{"type":"Buffer","data":"tjJ2/KH9qyi4cJ19LOiOOglNDj4pOCWLnn27VVO1W/4="}},"zz6/nQjai63RnxU9exedqFJs9S1STYGX7jl/e6ILtv8=":{"valueMac":{"type":"Buffer","data":"6DY0tFz8a04TrVyFKpCDqEdJ/IscZ0XG96EC5tPusMM="}},"z6TGF8pXwuZI3lJKoGY3ITkbZcfS9pM8KCGwCj41gwQ=":{"valueMac":{"type":"Buffer","data":"uZ30mXQECa2rrJSE0Os7iLxI/0X0JatoIxRxktVuF+w="}},"0QQKYOATNoyiYfeVI+JHqeDp7VWK82NKxd86KTOxoLY=":{"valueMac":{"type":"Buffer","data":"VN8+NWPUrLvdCPrjXvsWAfuE41AmR4+Bvnjfl72fwZM="}},"1o/+sbwEGkJ74skcbVb/FwEDbpBwn7yVIkOdNq7YUgU=":{"valueMac":{"type":"Buffer","data":"S3Tstt1qsXx0Z13Jt/3xYD3TkoUpoNBr1SUUySrnYRs="}},"11FnNqAE+ug1Dvxln0NKY6QU8Y2jkLKU425Yn/qvCH4=":{"valueMac":{"type":"Buffer","data":"NNjIFISSj1jUY3JSvFOm55z0RfB24sufYfHh63KLzCg="}},"2XKzC9avoHkJxGSqX8GG4ezLjKVjeHRog7z8LtcDvaM=":{"valueMac":{"type":"Buffer","data":"XSHHaIc6p8KEPW0Ri7HAddsvq5xbAhDjwkbN3tkjqu4="}},"2eNnwX+TYWYTjq2svQKVG5GEBixBFRYQEHzxfxyON4Y=":{"valueMac":{"type":"Buffer","data":"qqzRge01fdasQ8zYV91PWwrRB8Ll52JvK/E2Fr0+6iE="}},"3BugRv/y/SBNi3VPTwoH6HWwZPaHMJDQvUYxp3DBQcU=":{"valueMac":{"type":"Buffer","data":"MarumTGxOe9bAYq48noQQcFXgNsSVGhYS+W2HZdqxho="}},"34I4lY1x2wBYl0AgvtwWi2nHu1BTNz3/IbUCTajhIjM=":{"valueMac":{"type":"Buffer","data":"53qVLMTBQ5djBFZHiwLkoQHdhFlRtEmQUMbr4fHoHXA="}},"4jZ/QCRIURuGF9MlqD0ram7FELILmL/acxjBJhNcJdw=":{"valueMac":{"type":"Buffer","data":"kxBNA+qoO9XbXIzK4AYmQuCYvce1BfsT47FTwn7NP1M="}},"48TPfRMJ+TCKDbQlM7t3g/jTxcKdBJ/ws4B2NnSRn+E=":{"valueMac":{"type":"Buffer","data":"yBLDu3i2HGV+qrWUo2e5sZB8j9OOtNYfbzw/wchAJVo="}},"49wIarUFYvulgQEGW5Z1qWLt8egieqt4a11pN9vjeik=":{"valueMac":{"type":"Buffer","data":"ci46+5dFI0GOyqBBGUXKCfx9m2+VfN5TE2iIsFTnAWs="}},"5KvsB+eAyr0tXfijVSCrMJOVCwWgov8pG2yUGzB66qE=":{"valueMac":{"type":"Buffer","data":"7kwqNbmsNfINGC0zfcP7TbWJUetjeXNclD5OQV9BnX4="}},"5sJfrfpKQmSt2TGB3W7JqxIyUfOIBYbVKuRaCVxCr6I=":{"valueMac":{"type":"Buffer","data":"Gq4T8mdW9LnTOZGr0gftf4zaTiBzMNEaHFOKkXuuhJ0="}},"6PjoKGhu8L+zbFMvlu4oem8/fFyz0CfCp9zES7M2818=":{"valueMac":{"type":"Buffer","data":"PzMex2tvmOAdp+jtggvsxs3mOm0O4A/KVf5I+xgP9yU="}},"6irBZi66bj7xSbROYyM2Qij2cU3v7MIotcDI5LmJzQU=":{"valueMac":{"type":"Buffer","data":"NajDQoi6wS6CyGPMAhHUFEwv9bd//6+7GZO8V5gih/Q="}},"6kcxJfpDSwETeM1qpRGWhY38Kpd4k9WmxvGDp3FVMfg=":{"valueMac":{"type":"Buffer","data":"ie7sEvn9oGOoT0N6OFZvmFKs5irXa6zrcJbIG25zvJM="}},"7NKODs9t/NRkoq4H8NGvNOYOrFKL/tsUdUaSYSm55zA=":{"valueMac":{"type":"Buffer","data":"to3v9+9/v/ni33Qvz4g/lVhZ23W6kGPx/o4YZuQTvCM="}},"7ZYz0rYyagqdGfHzniGYFCjc+U8PLJRoZKpGHNG6NE8=":{"valueMac":{"type":"Buffer","data":"GaOS2d42EKZw0a1YRhnw+cmKhd/9p8NNFP1uaFTKUiY="}},"78qSbiLi7Ig7VDmYb6+f73VTjlWdunwoZNxGXF0af68=":{"valueMac":{"type":"Buffer","data":"OyvWm6kHbmQ0ktPUi/PVhbnMtU2Air1qjYPg5h20ZgU="}},"8MvN7tIJATDKhsSYd+tOlFSIL5+ULt26DZKJlaWRGnw=":{"valueMac":{"type":"Buffer","data":"vsx0lxwcQRliLgxcZVZ1fFb/eQWy4SC4ibyPpmvRzNo="}},"8PPWh7Lj0mG/IsL92QyR0S/ZK3kOPEKjzo3+ZQ7fZs0=":{"valueMac":{"type":"Buffer","data":"r3Fe6Ow1yna0XU/Z1Ue8by8DApWSrQmazdrqGrKZ5wA="}},"8qrKmuEHeU9C6dJWC4htOdV7D8BfqsGN5xm6yNIzf/U=":{"valueMac":{"type":"Buffer","data":"xjrBrr0B+NU1hLvpfElBe+sOkX+p+dU4IJqU2h7VZJs="}},"9P1wifOUtGlLyULs9ni2hDGZf7ktv/qrLu3paTmSpuY=":{"valueMac":{"type":"Buffer","data":"9ioFFlLxRo2Ul96NUd0q9XNnCts57JY7MG2INepuut8="}},"+ErH4e+EwiS8cZQ/CrkydW8ty1Mhvmb5XlhuTN8jFwc=":{"valueMac":{"type":"Buffer","data":"U/c57ErJsv/LKdpxqIGX01UdzhvOF/PF+Mn279eIQBY="}},"+OvMwsiJYoupvk5y/F0S/W89bpnqn9tmi98PIkX04MU=":{"valueMac":{"type":"Buffer","data":"MUQqM3Ig13mLxeb8Abgdc6okHOBYyCPEIXob8dDh33k="}},"+VxjfzZ4GulnORYeNyWwnmiNo3DBMcN3edpUz1zOFl4=":{"valueMac":{"type":"Buffer","data":"93OrKMC3gtUJkD92wsIeLWnr1pa9hetI/dY3GCtq2FQ="}},"+3AAxsGmKHhK8TVvSIGBwv2E5RHcISBkb6DDgab5TvI=":{"valueMac":{"type":"Buffer","data":"aWLbDvWva2cv0vyjtoTpz2ZZU9TJCt2AWkrdW+p6Hn8="}},"/IM6g0HrqYvGGr7cuc/B5CinsxpM13VzMslHWs7m9a4=":{"valueMac":{"type":"Buffer","data":"e2JZIihlEr4uZA/OmAYq3Ls5cJHMExf4KlmHb8zouFk="}},"/ZnjJ7SxsDnO9/aQG7NzI5M3qKDEWfwwkED3srkGo4M=":{"valueMac":{"type":"Buffer","data":"U2p/QuVBDl6wYMRjJGs1fbHhljOcuf/zSN+jgvIm4ek="}},"/vYn7NN49m1PWUZq1CPpnEIjdWqtvKu1PFcAnkZMFKo=":{"valueMac":{"type":"Buffer","data":"Br+qWcjow2GanAlS3FC5No3e7orTmjBtRnMljK/vTYw="}},"lK1QzB0p1nY69Re1M5EISSrAXQP5IBK8djcQlbJOF5c=":{"valueMac":{"type":"Buffer","data":"mOD1ilTmBLcId7w1GLJ8VmN6cv1E/mtFQXuGL7a8J+s="}},"3LZ4kJDrDbwKj/iYHEcM6pJG4OBzM1It+PiY+GhxJEU=":{"valueMac":{"type":"Buffer","data":"3e7bTDp+x4JcNZtkAoRP5yOLRP7g05IesF/BMoZKPLA="}},"sS+/ZscjLQfizfryZvyI2RYRt3DHa1ruT7V1DH76yTo=":{"valueMac":{"type":"Buffer","data":"0ATPUXCC3VzmiHUX5sajYKpRM7eiHQH8oWe846gzoRU="}},"hGAHW1NETcdsAPP9WYx02krA+F1aTL3OOUY5GeuJCMM=":{"valueMac":{"type":"Buffer","data":"9fVKwl5X6XIkyvDCYG2FQ90xSY6IR8M0Q4p9jtJWHXo="}},"N37xqVNIOC+RMLWhZQMLWhNXf67ANmLBdfB7MEotrKA=":{"valueMac":{"type":"Buffer","data":"4p1NvpzRWsb6QSRmq5734t1I5adkCmCX1e2I0x1Hy14="}},"sGKn5RrjPZiMgWJQjMU5o0aoEgKZKJ2zeV9PBwWG1AM=":{"valueMac":{"type":"Buffer","data":"l4rO6jR6AgVQb+jbehJeZMYojf1gi6NnLlKPBR81Kc0="}},"qPMcGuDkrjzXEXrrsIQq9yuAqgoS9TRYR6oI76Xan8A=":{"valueMac":{"type":"Buffer","data":"n25GF1oSm1EcUaoBaG7EfCE374HCfQ6jx1Ft7S5cXE0="}},"PwV2S6VggMASs/7AtgQFYkGopQzDY3n1ya7nGogCg0Y=":{"valueMac":{"type":"Buffer","data":"uyuUp3p3ezrRVi+gY3Og5XiCXMuAZ5AmpZcuAHUBTj4="}},"rNh7CKNLNPVm3ZpMtM3Pt41CGZRmdJfipmbSoUi5fBo=":{"valueMac":{"type":"Buffer","data":"uqZbrIarmADBBP/CWK67o3R7T3/SNolGeV4YQolDhjg="}},"U9LWOtbxWCV2CrE1DuR2VQ0ii/yZKxdP9DBrkKEyK1Y=":{"valueMac":{"type":"Buffer","data":"LK3Q36C1UZEsPWpxPekdgWzHN6wXSWFxtDhnMqdFmIY="}},"mN0bbExz28UbcssD8/4On5R8J2pn7Dk1lJjVmg+8S+4=":{"valueMac":{"type":"Buffer","data":"QZn2r3Bn7inlVUSYzVtBqs/nQ3ad7oskfYudvQCtQX4="}},"NIvzhuN/yM6CTfXpDE1puH79gqMJpGwb8znoQDb+w+Q=":{"valueMac":{"type":"Buffer","data":"mCmK7fzuIvBWsP5dHt2LouCPajS05cnFgOkXYu0fJOc="}},"qQKkOpeYvFpOS8VQI3D06odC5cvmsGZTZOiSU3jb8dU=":{"valueMac":{"type":"Buffer","data":"uiV5UW/5RcewiOPPOBu7W6TAu3EMoS/ihTqRlM0fLNE="}},"5qT9/SYckZEa3LBlN7j5VvGWjj8vzynW/YsbYdb4gSY=":{"valueMac":{"type":"Buffer","data":"A7ZXQJOldC5OLWR4gjKEVguZXv2GHV/dmywAoTQokRc="}},"IS9ep6BzUYR+09qPcvC7L3NmHxOjdNCP13j4Z/3JzvE=":{"valueMac":{"type":"Buffer","data":"GhqvM4bvLEGS8aksL1xvuvnBC5sXLwa3uO1PAXji7c0="}},"tC851QQYXAEf5yqOSqf2rNX8zhjuq2WkpvgvinS5a78=":{"valueMac":{"type":"Buffer","data":"QUhaPbOV7K1hCs01tMZYc54ig77t5ymMvnxiqMGcVto="}},"aimH//PSxOKmEbpwbHModK+3B5+i0jXkHlW4XGK4sMA=":{"valueMac":{"type":"Buffer","data":"TQyZ/1oInRO6Tbl7JSd01VXjQR0fdhmD88w07mvJp/g="}},"4mGNfE8Cbc0xyrccphr6tzIezOv11nflAARJPLhOoGM=":{"valueMac":{"type":"Buffer","data":"2HeNtCojebQTA1X4+n6muFvey5zPJ88qd9X84tJVSxA="}},"pGiCIhOhKUfjMgQDDltAStMZ9mKEvhj5/VYlmrX5pAM=":{"valueMac":{"type":"Buffer","data":"QEgEM499oPB4iN5rjjf0e+rdjqUD9+7avTxAoJRbtG8="}},"6yaPgLv3exvGdW+GDG+Aih7dEOun4uzMKh+/VnPQrN8=":{"valueMac":{"type":"Buffer","data":"UI9I34u7w4ElLeLREJ2JYELG9CQd/GMbjnLWZtaYVLs="}},"4cpylWQ+WJmzV6XYiLQmll3NE4ffYt+h4zWC/3BUvyU=":{"valueMac":{"type":"Buffer","data":"L1WOSIaE+Ytop/Be6r5Y5QfFFrUtyxjV+c1Zdizvlvs="}},"0q14qMJMF/oZS3YDkBsRJupq7j8Yw6tqYMJosXagMFo=":{"valueMac":{"type":"Buffer","data":"r9VbGgeQ6M9LnXh6iikK5u5Vwcrr6NJb5qNKqzK14EU="}},"7renvCjp489EvNF3o5pBkuv2Dxf7RFXk9RYnyvdbjw4=":{"valueMac":{"type":"Buffer","data":"7+7MPlmiPmowuqwao1AddZ4SwoohF1H8xWTakvJjES8="}},"TO66k1VkO6Nd41TQuIjeEEw+XLWLEupHAt705FEWN/0=":{"valueMac":{"type":"Buffer","data":"+gjMfDHGmzdV+MXNaEyMGaNYnktzB0zCd2O2ghsB13w="}},"uepbXfsVlmRpUnvSwVsJPcdny3c87qy5TsaduRLTRV0=":{"valueMac":{"type":"Buffer","data":"zeTzYxfbbx0iWd/Zwr0K6HBH9itM7aS0bV0V9wqCYxM="}},"YedIrWkm6l78/k4MY/9mrU6YRlerGbLU+HKCECDn0pM=":{"valueMac":{"type":"Buffer","data":"6dz4hGSLr8eeCS1TBrVIA+xIZjieukS/WgGsCLRzj0o="}},"eph7j1xDbSgQwVCOF/Fq1HFAMss1rOvXrx7i4WiBdTc=":{"valueMac":{"type":"Buffer","data":"2QijPqdPWDzfQmJIXTRL/ToEdA2H0isVhLYmc8ux/lU="}},"XcYC2wb/vI6DX9Gfq+nFlc4c0maIDKCLSJxVj4lxNTs=":{"valueMac":{"type":"Buffer","data":"tSLrVLtvGn3oM/Tfu4PGCBUVlFzRtIE0sreDqLWsiB8="}},"JVfXh+M+2gCaITVspuk0+7OCQ1m05w06IMU6xzLL8XA=":{"valueMac":{"type":"Buffer","data":"mHmT9/ejqoLviJ07b44dI+8BtCPIdpUNeh4rlxZvnTo="}},"fwBDiA/wAnPwj325dfnkhjQYROUhdYsXpu1fOf3h2sQ=":{"valueMac":{"type":"Buffer","data":"O8ehZHgp8Yg63mjnj/H1ddX6GyT7DYCrlqmkO3QH2E0="}},"rd/5jaOL9YJ0UyGtJVwc6s8DxVk/uytAhnx9ASLUE5Q=":{"valueMac":{"type":"Buffer","data":"JQLD9BikSRAlsvwy0BuNumlNWHkhHMknwQ4gEMmhMNE="}},"KYYTITKYI5o8EPnDdqauamFKyoWn9XwrYrSsQ3+2uj0=":{"valueMac":{"type":"Buffer","data":"yshLBDtEyxgDPucxL1FEPSRs13Yop5tqu//F5xMQOJ4="}},"oLEy3cxKZWJRFByN3nyf66Xp98xxFAMaSM8gCq6DS6o=":{"valueMac":{"type":"Buffer","data":"XsxMM7aYLWEvXNQq1fwuKlC8b9JVO61GVD2ZiQRuumI="}},"09NCauMyu4JHOcOC/16OUcoW4hAOIbbFhdLyvSdUszk=":{"valueMac":{"type":"Buffer","data":"Ef0u5e6+nujSkD+RwkeIlNYtIf4RlLiR3vMsCOMZMvM="}},"m+gMmYzibLQQg+b4fZdLxcnjcyTHAB9XQtWQJK7MtJY=":{"valueMac":{"type":"Buffer","data":"yLDSxqAl2D9ROXCCem0oInqN9Ua2waGy0LmJSU6AujE="}},"7dMZaM5CtFn2tzvnp5GxQ5CWkwBJTmHwmZ03MolfuDE=":{"valueMac":{"type":"Buffer","data":"bGNNCo66vsuhD/jLS3ZtyHSmYKPIvxmlhywK+0PmQ64="}},"YFYjom4cdsFqG1FxXXZ4U7C7CYj2ev6KUiREIKQFrzw=":{"valueMac":{"type":"Buffer","data":"utbrBqCEATsEiPbDErliP3VUGT7xAxa4vEnWvNZ0z6s="}},"hD9M2bV7uKyzzZ/TORU3oYqMF5ZY+XDRYq7QsGvB4RM=":{"valueMac":{"type":"Buffer","data":"yXzKaZ/dOkpaHuUpl1AvpYk682PrL9R1GybjHK0HAMM="}},"9SgCnf3Tbh1VWGpxiDGlaqNPRX3Wfk/z1BnQwrEaOxY=":{"valueMac":{"type":"Buffer","data":"fA9HFDn7oNrq75SnYXDtqS73z5+F9HGo5x9oNp2dxR4="}},"sWf4aCU+r4YdUiofWYfQ0AuMR3wEpB1rdLSw4VvCOrM=":{"valueMac":{"type":"Buffer","data":"JFwQJJ76TefURQDDBUpT69/eSBFAW29Y8EUSw6GfT6g="}},"7ktuomNL02wbsvgWedK09OSQTNdzExoNF/cgBb9R2D0=":{"valueMac":{"type":"Buffer","data":"ELiahq+zH1JTgGkwH6+eIErWnkGN4WFq2hiLR6bnMw0="}},"ABtlzK06QM4YpFKka7FuEzy0Gkr/mQJ6MarA7a9lLro=":{"valueMac":{"type":"Buffer","data":"bRg/e3jndNg2VVV0T8IA5WBKRF7hCqCqEMtVpeU/CVQ="}},"XCnrMep0WMKYBjrNE0k9JuXb5hk3H3MeTHPxFkW/53I=":{"valueMac":{"type":"Buffer","data":"RrxVtFZ9j7ara/cd0zmMdiPOGlf6D5cSm1IyTGtVYIY="}},"o0UNH6KOEJWxM7azPT/oyversMFUAcEioPWW2YlNZy4=":{"valueMac":{"type":"Buffer","data":"KLgF6OPmXiN1KtZWCHpsqDolxYiuTiz+BilGu/qlixc="}},"gDoRhT5t+crtaEgNkOP84M9yqJC8cssDxNDvUMy8RDI=":{"valueMac":{"type":"Buffer","data":"o8rPN5BypMrFLKpsj4c8NlywCtXc23DyEB/sroOaBfc="}},"dVeQhxKBnUe6pNeY+GpyOFwYJGw/jqnd1KDYe8hn7zw=":{"valueMac":{"type":"Buffer","data":"iG0PCiJJ3qa/7rwMtYRJZg7HT6jtsIrtflDdcmX50Ds="}},"DxJA9Z9T54AhG+fa2ULoC1MPV3N94UQU0wd62BHY5iA=":{"valueMac":{"type":"Buffer","data":"BRxfZGHQjEg1EaRQDkagt6EiPJ6MxjHicw5kC8ET8F0="}},"tsgdgZ8P6sPxg8UISm5aoh5aGc1tQWcQJ/N+KaTi3bU=":{"valueMac":{"type":"Buffer","data":"q0szJbmTpEdIrNmp429xHP8rWQPlL6cLy+IqFsMZVsw="}}}}