{"version":2,"hash":{"type":"Buffer","data":"rhUYSLpMD7P8LeHbneUsjhg+uPDAmQZQKrBt+2PjnAie5WECeeVX8BbXyD/oRw0nK+5ZYBRBb6f/vCySH6cvcdnyYKuqc8YgOVYLrhSedCxZHkwJRQgpFOLUjDfpBSGFJpeCk53nsC8twwN0UCNpd2k+Qh2e4/u8WTqFx7ortt0="},"indexValueMap":{"BRpXRuR7alOxTcHWTEFbkbuoN+hxO/meQIy20dT+L4Q=":{"valueMac":{"type":"Buffer","data":"ztB3ezcnDDVWlZFBt5y4toRLPY0k/m5wlEiHwwY5Po0="}},"BkKThZTDMVDD2554wti3MeCyV/1W7CM6HmBSn3+fJxY=":{"valueMac":{"type":"Buffer","data":"X2vGFbRKxZmEDj/nxSO3ZT27kvjvgSKvkTSkglGYhWo="}},"C+a1ZpEaU6aDdwpNzB5+1IZOeiB9mmdbNEETR9z1otw=":{"valueMac":{"type":"Buffer","data":"+/K2S42iWhYGsT1QSUG2A+T0kcCzRDfKRaOfydPwwqY="}},"EtrnDHcE/XHR+NgljqROf9DAwc6cL/6XNiomj5AK7k4=":{"valueMac":{"type":"Buffer","data":"Zf0RCp3gsv/6igHcvvGllIxdeMMuwZzQnglD+JI+gLQ="}},"HgCf96PkZ0oFxX4PDwJ2NRI/fdYB4j91Ou271uOWc+s=":{"valueMac":{"type":"Buffer","data":"OMAzKEOAkPZ/bty/ugz4b8tCOX0uycMX5lkCg6en2IM="}},"IASyZkJg01nKKc2rMz/SzA+eOTkePwAdIXKgBxE1mD8=":{"valueMac":{"type":"Buffer","data":"c0LFmYuncmGFE0Z7hC0e3/Igq+JuhcJqwuyEo+MCEy4="}},"IVxP7FAbMx8u5Xo/FHamJWkHb2lE2Q80xmNJKYpHeCw=":{"valueMac":{"type":"Buffer","data":"frLMQrIzjGzp90gC1EYnWiSdzAQXYYQydR9nDk2gQMY="}},"KR8+B4LSfbojYGV9dHgI9Ha0j4aPK0gdI8qUGcSHUR4=":{"valueMac":{"type":"Buffer","data":"oUE3uVLkvPm3lCf6CA5JKKZPMGoOeitfdDuOIi7twyQ="}},"Kw1pkxwfPXSjELRYXH5FEuGVIGswXKR2G61We3wlgXg=":{"valueMac":{"type":"Buffer","data":"dkPIRA6YXj5tdsEQnCfehd0rekmAW7NAl/zXacZvNWg="}},"LCxirRi9WlH8KMmcvBDmUGIlEBLv8ILYwYBsDVbenXY=":{"valueMac":{"type":"Buffer","data":"kN9FG6OcJfsVplG5uPMLU6pY3tXVv+EV6w6DVQdsDrg="}},"M4etk/ellKXKB26PkhPb0/SfjgKJdMB5Bwc4k+TdaRo=":{"valueMac":{"type":"Buffer","data":"bkkUDrCmsVJXRrRTeiJETrZ3PFD55vW4vcz7+FdC8/U="}},"PlvRWFXh3Q25IQZ303pOCHnI06mQun097rlpY06T4y0=":{"valueMac":{"type":"Buffer","data":"OR10ytjIsreg4Y084lC/ACymmMJrOqaHSDUI7V/pdPA="}},"Qi1RMymCSS/JxG9A8lN/3jLd394IqPtfopgt/b6++ro=":{"valueMac":{"type":"Buffer","data":"Me3I/u5IZwq7Yu88yAsOsKtiM/15P/mb7XzIpJw7b0I="}},"QmnGg1kET0pH04yiUHQ7GW3C/3Cdw5R8+L8KkFn80uY=":{"valueMac":{"type":"Buffer","data":"YQJXxklcu1HCnCnkdvkGuody9czLmluiExHLAlhijLI="}},"Qt7BfB8XtieAAeatuzxXfuQgfqnxzDdDJyXMs8/uDVE=":{"valueMac":{"type":"Buffer","data":"adum9+RjjlQwGYJb3b1PgOpBkdDl35EE9pWh5KmmzjU="}},"Ror1IpjMvhHXFJ2QLdP0obUJF4G2gQi7WQovdXYXOa8=":{"valueMac":{"type":"Buffer","data":"lVbP7d4Yrww/gaF+YXPZHOn4axGZNWTkuCvVteU2t5k="}},"R0QJySs3zdSwOZGda2MgbWGG9mWWbhyzGfct2z+L0T4=":{"valueMac":{"type":"Buffer","data":"12AaBVNy1sChz7DD7S/PvL9fWPGyBvAAdiw6ELrdpnU="}},"SHK6t/J+OOCChBJMAZ0QGKBpppxeBufnNYuR7X8YBl4=":{"valueMac":{"type":"Buffer","data":"WcVM1cALzFttnV1eYpDU8g17Q806AccrUcIx5jQUJ3o="}},"SbNy4GuWaGllYx1+mo4aRdGQoL6NM6AA3ehUpml31GE=":{"valueMac":{"type":"Buffer","data":"EIF1tse6l6z4Q39rpwPKLc784cPIsd/k8XqXkf1ameQ="}},"T15htCX1JZT+zUN7VRXBDJH0Q+NJCmZHYYPQwqo9NUc=":{"valueMac":{"type":"Buffer","data":"5rNpJ/MY2IBQXCKExJaBY5idAxa51aRMzHEMx6TeAxk="}},"UXzD/F6MyGos3kQUk6kp2fy+4mG/vPmjGG4k/Pp95e8=":{"valueMac":{"type":"Buffer","data":"x4hDZNBIvzUMMFhpo6tiEObH+pj0pGsELFRRANgHqpU="}},"UcD2l+LO/ddaaHAF3wA535GKk41LRQXA/BJu4cfzmL0=":{"valueMac":{"type":"Buffer","data":"CY5H0L9qJFSu3EJ6UnjnSg7vJ/SLyc+c0ClhPmhyu5Y="}},"VOZYaLRTUp+HhMFVkehRnd1E22VQVo702WmdldmaSXQ=":{"valueMac":{"type":"Buffer","data":"elPvsuqZ5HvLkZXZQ5Z1ag0w8hRfBXpEbEu7gM5NAsA="}},"YhqoPaZ8mXkFsl41e4aSX/hZ2Od7bg+mKTjcH2QqGBE=":{"valueMac":{"type":"Buffer","data":"1Z/cQ4L7brEcV5h4FblEJY5aRmrYHiSLAw0JPctQjv4="}},"ZBvqeVvC3Yz5nslaz216AIDfpA6W73jh9rYKt+Y/OT8=":{"valueMac":{"type":"Buffer","data":"PaX6xuKQ4vDdGK2yBDK6u2R2zpWVvwxjSQw94LWIsDc="}},"ZWI+vWdtz2X+grEJQt5G6+fK22HibgMx33/N8PS7onE=":{"valueMac":{"type":"Buffer","data":"VWPX6gtoH/6lbgx+F8cFyp13AD1f/mSJei3/vYpL2bo="}},"Z7x4actwJMvIdQJR4wS+LeEMM49k0WR7zn2Xupoab4E=":{"valueMac":{"type":"Buffer","data":"l7Xpk3dANaRqe23QU8dHOiKnKZKEsHr4uvf/dm1ebIg="}},"bDKllwfj9TPaeCzz2IDNnyWSyakwPxpfoNw9IpgQ+1g=":{"valueMac":{"type":"Buffer","data":"iisxYcpsfGnHwY9CoCsyPoPca4+krtQ4l/vL6XAREdA="}},"bTcTQG0lNAnj+2j4G2GJQ4uPe5wWHauonA6rUuVVKT4=":{"valueMac":{"type":"Buffer","data":"S7I+1Ntw3b8CarMBoJuUugY8VrPN7AGs49NLo+Jt/jM="}},"bkVcFlV/tNq+S6UigGrW0oUDR7gG/1SrshB38IoC0vA=":{"valueMac":{"type":"Buffer","data":"6yGCdnMCdxgd2GB3gFf++cXTaQ9gmTApTJQ/KbWYoLM="}},"b/vvoIhepEgwnOJ7DWcTqhtnBoUyaXMfJk3dUhpytA4=":{"valueMac":{"type":"Buffer","data":"R5HtjozzhBDwrtJmg+TxXLfVRUTQyOZ9CPWO6S2nTag="}},"eKrUMokZUz1EN33E6m5aHbDKTQUpFSJBtr4aiNxjWmw=":{"valueMac":{"type":"Buffer","data":"WgGxfSqzrmix30iyIbFb4mJUqwmImoxYcpVOd0NUHL8="}},"fugN30UgWsi0jEgQKXfdafyKZwT636cZUzQ1yroPDWU=":{"valueMac":{"type":"Buffer","data":"ldzbwFDk3u6g2M4OKdoBjXmmgPPEpZcJozdRvdK4tOw="}},"gQHrNg20Y9pdq7gFm7OYD3I60s8XH1RSxQgo5SHXkis=":{"valueMac":{"type":"Buffer","data":"buZNw3BfDknXG9us7YjO/kHI8bSbbLdv27y3GH7Ju8Y="}},"gb4ozjAmosIX9PoP6l10bV8yHi1OvfLat9DVscBO3CE=":{"valueMac":{"type":"Buffer","data":"aoWWhuYBGyU1nzeyHGLYAiu+wK6oO00ao5F9t/xU5ik="}},"g3IGHL+RxEMfnwvRF0sL+2XaJWdRX6/HizaRCUUp1iE=":{"valueMac":{"type":"Buffer","data":"5i0sdad14sG9aGUkSxnO6L03fEl5Vwsc2wjGb5wqiBM="}},"hRqeF/+JzV7vppdYM7LIc7v8ZO3DYLtCewHcXTv9s8w=":{"valueMac":{"type":"Buffer","data":"zLCl+xLOQEuI9jNJKaL2XOLS3dPcxjDsTzxSp/s3fMw="}},"hTxdpC6aj82wGh8ND4rwd+m9oQGxFDUcLvXvIE7gYoA=":{"valueMac":{"type":"Buffer","data":"Qk5I9WxLSZueLHV7lczGCYOqn73sW0Jr1z6U0QdAUNo="}},"hYd68xFkxyygGkSNSXLRWKSW20pQgotyA6b85cXNiKw=":{"valueMac":{"type":"Buffer","data":"frNy9lcn2881SUecutKRryTJFzf9Kgj8t4dK1F+NQw0="}},"hmOn7lAHXro4O0sJvc9X2ckaQ0RSYtERxw2qAPRmRLs=":{"valueMac":{"type":"Buffer","data":"z5QaVBzmIThIFWw6hOFpy/IUpVvR4u3T2jl4w7zELpM="}},"jDPHIyAUZGftZcg2NRzCeD3MQOkT4F672i2yp0+f/iw=":{"valueMac":{"type":"Buffer","data":"IBMKfaSy+ngTYB6bwyIf4gv8V3gNIsH9BVkweUkIu1k="}},"nI6DEDQYuI46YENYXZa94fDMGrc953qlRGUpqODX/xc=":{"valueMac":{"type":"Buffer","data":"V0sUq31rCRH2x5rmGEZ7D1InM0Y0w4tRGcDDTTOLpKI="}},"nczG9nLRKNVyPQos+umkQsrJoGOR1OQhAHjI/O7ui8Y=":{"valueMac":{"type":"Buffer","data":"oPhPU+teNSjajC6bvxx0Iwe1vcl//tOSOgDnhJFZHJ4="}},"of5yTd3ktTM6+gurewhmBVqysym4VSkjtGSX50SWalU=":{"valueMac":{"type":"Buffer","data":"eeX4rRW7vkoK/Ma42CAEeNMxGStFN8PdKQrBAmNkQ/g="}},"rFyhdfGWDBNP/mKvbpGYe90dDCD+Q3eDldH7tO5llgE=":{"valueMac":{"type":"Buffer","data":"hSWvVeGaHZRZKyvVz4wYLS2pK7YqNQFGzilNn3HUmOs="}},"twbQrNrlbe/6yHeTuovYc9xt2pLeFrc6CIRHE+IQ84Y=":{"valueMac":{"type":"Buffer","data":"FMAnBqK0uH6wc9RhYcJXy6fGbjDaGBTAbXbOVvP3IVs="}},"t9JwHdIlXt9A1VxLorxm/I2IawW5UDNCYmrn9c2Jhhc=":{"valueMac":{"type":"Buffer","data":"4Mss89zkIwxhy9PNCbBBAut9ywIrSRLbQY2uSwFlnyA="}},"xTLELVJCsYLBIpN2bn7kENTB+mEj06kyV3O2b0kfGV0=":{"valueMac":{"type":"Buffer","data":"oAsEKlVh+Onlxlw+NvimWGKImGY0/t0y+FArAsYikGo="}},"xkASkMTERMf6yp7BH2Mnl+0sW9dK1hB00Y1xAscl1U0=":{"valueMac":{"type":"Buffer","data":"wUhvN9Lc3bddR8YIqNrtF2GSgxihIKgbgfjxCYz7VYc="}},"yGCB5zFp6cuUxuPVJ3SHuQzoz5XgomE1mbtGfjhS49Q=":{"valueMac":{"type":"Buffer","data":"YuRG2vUWwX5hS/nH2o/EfujnS1aN4wzFWfZCLSfXj58="}},"yit3pptscDa13UdLQbNdTdtF/B5umYkp25SLS0QNQdQ=":{"valueMac":{"type":"Buffer","data":"vaWvOb7MNF2o0BQ7ohiCxOxMGqy8DikQ+u9LTvJHoOc="}},"ykkV/d746YaD9m/zVrRrCTbSt+8dzDRZwRlW3FgIfHw=":{"valueMac":{"type":"Buffer","data":"ChhMV5ouuRCsuZJak/W3EjTTyQ0fWYNKmHu7wFqIseE="}},"zSC4s9R3o3B4QBS5cMpsX8+QlZni7WQig0KHn4BcSP4=":{"valueMac":{"type":"Buffer","data":"xo556aqzHI11Nj/nudE4GzZAc+9xyjPRUwb/woDGt4g="}},"1ZlpofjVMUeo7GI/FE0nTQpIFScw/q68+mHkEU1Obk8=":{"valueMac":{"type":"Buffer","data":"h62n+0wlsFipPbrYnRAhLtdGXNj67xxgpoYBHH6L750="}},"1nF/0YeEZXSdl4s9RReyg7t11yGLErH93J8W+RyYbRc=":{"valueMac":{"type":"Buffer","data":"PWRIyMhAV+wlQREwugJihxXRltF3QJqk77Pgv4eyphA="}},"3Btlu9PFXkqcMePcpeyuxs/KYdY0wJ01J79Vsa1VbxE=":{"valueMac":{"type":"Buffer","data":"ftHnlsNeRzGzrycBvsdO79wHI0MJKl/1tJJ6Pqe6P8Y="}},"3EywPD2HFddp69hC4yNRRnbdJysmqMImXBNCxZRvWqY=":{"valueMac":{"type":"Buffer","data":"NvAKCAAPCmZvhlt647Et53hiuVcl0f5H0L6RuRBUZE0="}},"4ZhCxP58mZdZNTfNopshuoeJN9hERzqJOTVdTxC/iGI=":{"valueMac":{"type":"Buffer","data":"30lpkEg6nPl6ZMz9DoFhTHZBsOwF+ELDMmklzrzRkng="}},"4+K4D1rqs1REToe6VCEQ8oXXxhaCgE/ePXgMUn3v5vk=":{"valueMac":{"type":"Buffer","data":"6I5aWiK8ZCImCRrXGqDL51U/uYAHeiAPBD3u78UeCxA="}},"5lj43pUUD1z6jrSvcIhib5VyqALk4uqh/Rhv6PMcwYI=":{"valueMac":{"type":"Buffer","data":"e/nFhZ+6nj2uqM7DIR+QatwvDVl0ANOhw1OU8gc1wzw="}},"9hn067cOFZ2usf9qmhuwgzUKo0Tn7DqwCHh0xScJr6s=":{"valueMac":{"type":"Buffer","data":"9xLb4KmSkcKah8+oG3zKbrM3p2MAuzG+OrtOPUDsVN8="}},"9xcGzf/cK3VDndOsov8jBnbcl/9TGMuSQfR3uW3ofo4=":{"valueMac":{"type":"Buffer","data":"0ZzyLJaNJTL0HlIRINfERiaZ2LATDlaAvAl39PeIIEY="}},"/Su0xax92hdhFNXgFxVkXLrJzHgMNINJG0hwgsAr3/w=":{"valueMac":{"type":"Buffer","data":"jmd+8nsXu9WnFOxQxATqGCQa2ddaZ6oVqHH5SeSkgp8="}}}}