{"version":11,"hash":{"type":"Buffer","data":"S3vjA6xeGC+hkudoyz5BTDY9TeMwNhjrhfLkqJQm7eH7AddEPwir50w7duskjsxU5vOPVPyvCb5U8eVzmaYQcpjjQWsAQIwL4gVlk4bAtDicgDpMzeJMxj6veypYKv35eCfXEJOhynFJEQpjb97h+Wv1esM0YQl7axcbpGCFnDw="},"indexValueMap":{"AHl2z2fMSSb0nUilEF33nb9j4sdLia5BvUs4WhmzKFY=":{"valueMac":{"type":"Buffer","data":"+jGfp6Mt0B/jnPf5H/wGI0gPrpgcxAK2kBqyUgEWskY="}},"Bc2PGqnkmBHXCBgW0jUCLjZgwP+m/8ClWEp6nsDLK48=":{"valueMac":{"type":"Buffer","data":"3MyKKlV1FG2vFzl0+tWM/Wp4Z2o4AJmwiglFsVvGlWM="}},"BhW9Oi9QrGfKPlCPZi7EUpylH5FKsv/xzHY3xKxXv/o=":{"valueMac":{"type":"Buffer","data":"lgruc+yHhVl/izqiBuxJ/4/KUUtBKurU9RkayzPv5Jk="}},"B8CnuX+4rSfZPMs/QBIjfpgeKtPfOwODLP9O4SPwEgA=":{"valueMac":{"type":"Buffer","data":"6j/l6fn4EkRCsoSstTKbP26zHLBW7pZSrjnR+BzyGH4="}},"CLeE7BkKvHnoktiPgnAoYhwcCt5uMC8neZaikhRsSfs=":{"valueMac":{"type":"Buffer","data":"aSkTtPrbAIt8/UYAJorOuiv5IIfnLDe+mIGYuV86IT0="}},"CWlpSmmoYXU1TLgkv01sWARGcju0e8c6D73BghTAutE=":{"valueMac":{"type":"Buffer","data":"QGbJ82GmWwwzCYN0tTgxh1l9NgcXwe2bYh54EI11Izg="}},"CZPCtE1qlMl2hLnl3cjVcoCALWEszk7z6But01OgV3c=":{"valueMac":{"type":"Buffer","data":"sozYZcvNtdGjDXS0trVGZhxmw+OBeDUCHPXbOugd5oM="}},"C4XjHMvO0TTe76DymeG+bi+BwOFK7mZgmm4Y24JJ6L0=":{"valueMac":{"type":"Buffer","data":"uARbqJbR2oxs4uOhQo6GrJRsSN375MM30EyO4ZO4w4g="}},"EdgpVSuBtR60368D38ZFIlfZzYr+o3vNEt3bEgjIxPU=":{"valueMac":{"type":"Buffer","data":"5/nA2wRN8qMRvnQR0O/JzuVJyxfcjwIP9xPAAZAcvCM="}},"EufJ8lykjeCDDUTpz8aiNcBZmOYpHcF97XcxmzZ49aQ=":{"valueMac":{"type":"Buffer","data":"odA6OMWBl7OKdCR63nJ4ba08hDI6bWu5BbvcoxKXkX0="}},"E0z4OvJJeZ66UFrRva5Wa/eQSSgD5dNwMswiOleHwLg=":{"valueMac":{"type":"Buffer","data":"3ZjllVgZmcgaqa3ivuB3mllJXBQiGQZ2MQpETzCawds="}},"FNsIWvChc4pAo08TBh05owO2zoph4I8KHQ6nTSr8bJ8=":{"valueMac":{"type":"Buffer","data":"5EsGnNGMiwtOXcOw+V67jS+wBs75YGWrPU70TI1tWTk="}},"FQlWSUvm2ofNqSg2G7nXwG6dK+ClkUG1QaEAkFQWBK4=":{"valueMac":{"type":"Buffer","data":"n/+gKFMfvq37t5nUJELU6PCtXhBGJ4Xe25Bp32AEAAY="}},"FUsQogDchz2bXhMUys9GNr71rZUsVzfz1MkW79N0CHw=":{"valueMac":{"type":"Buffer","data":"Ds6fFWZ9LHU92Vdu9NI7dWsJXEb8phYbPARdAKBvBcI="}},"GiItO/eX8QNfizUWqKrj0IrbwNeUHfzL5LOs2hccaQ4=":{"valueMac":{"type":"Buffer","data":"9NrShqvdPlEALPhPpJV3hYwtlFCx6yjwpyWmp64s9HE="}},"Hf9p8NmTWV0naXxEOXU/Cfj9cN3dL/IwUVkc+XSktOs=":{"valueMac":{"type":"Buffer","data":"ngtlVY5k82kWbgnkqcG+uiQPLmYhNzPp23t8lRQ9CKw="}},"ICpVmV2cmLo367fpXMxmk7LDfdnHhGG5c7PiEyogAqM=":{"valueMac":{"type":"Buffer","data":"MK94/tefLyORyKtrVH/ZRY5cbI3r9PIcXhGsIOreThA="}},"IOzJ/2JDpM9a9lPHQevYC6/pJ2PQxYS8LQqo/RFKipE=":{"valueMac":{"type":"Buffer","data":"K0N+A4KmpEBh09thsOrvI8wghi6n6fpJ8vSUJEeG/Ig="}},"Isw5q5Qtet6MVf2R3S9vnH1rbA86spG46pE2x851plA=":{"valueMac":{"type":"Buffer","data":"CHaL4rN4LW4XvduxaOBDu9DPqVfcFODULm61aikV6JA="}},"IxLvnNXCIxGeSt/LI1C7b14JmlMDXFnwmVfkGNjbkq8=":{"valueMac":{"type":"Buffer","data":"2NXxR5oq29Rdh95C05LBL2TwW/tlt/cSF2N4V/yCfNI="}},"I+l39eKU+pxIcSjxqpvMsohLC79JeYBtTNRkFtwx98I=":{"valueMac":{"type":"Buffer","data":"+Kgbj6YB00ifXjXTlGSo06eJAZO0oJhwVk+9IMVjl6k="}},"I+1qnPC3+O2P9fqEAhZxxV6AOdHC69Jt+bk8wRoOBMY=":{"valueMac":{"type":"Buffer","data":"CikoH0zFt7KOG6+zKIkLB41Tsg5yGP7D6Bd+7vc47vI="}},"I/a3dB4FwyNkt2OM/kuCDHR+ySFYFBs4eDuq7HP8zGo=":{"valueMac":{"type":"Buffer","data":"oyJ/5jXwC2DQWfYnE5BKhKpQW7/C/p1bUUYNRtmE9j0="}},"JJsPDlvKFSeBe3fWq0o/GQrkN3wux7Z/EXusetwfDO8=":{"valueMac":{"type":"Buffer","data":"diDmqlND83ccNGnB55f0KYfg9ALf/i12HcKlNVOleNM="}},"JnQqDxT/Mywk0m2I8ejBONwkFzd2H1Yx+a3ggpQxH1k=":{"valueMac":{"type":"Buffer","data":"ZnvBG/hY9jBjLcma8WVWMhflUH2Vqah7jeJ+UuT6tKI="}},"J/E0nv4LK+NfAdkHNkQX7rafPy4XhGndRkyRoYOkmas=":{"valueMac":{"type":"Buffer","data":"r1FO2o83HvqiFzUMbHi/nYcpjlpPsm0uf3hHI2hntKY="}},"KIdCjsDaN7/Ed/4z1wx29xT3BAmlKAiDRuaItS31t44=":{"valueMac":{"type":"Buffer","data":"VVYgLCkgA+L8WGT2tn7bfdzjDQmokyz+QU4k0S2SSw0="}},"KiG7GzM9t7TOpQBx8ihjMcR3JXBjL+PZYySV3UbT+Ok=":{"valueMac":{"type":"Buffer","data":"tiH1D5byRr9DgQjTSafC+sCMiRNcjJKpj6ztUYA4RFk="}},"KnjNPB9BnpqUShojNkcYmlVyH3XdDZxboDzefWukf/U=":{"valueMac":{"type":"Buffer","data":"xHVCEMSs4gEAETewQHyoOrQySflEowhicLjUzdu0clk="}},"Ko8ALxziGHnhL+js7b/t7zZl0h5LWv26J42AHvH3Nqc=":{"valueMac":{"type":"Buffer","data":"o7n0NEV0xJzlrNRB8fgOUU18k2KEqTGQFg5/yEGqNJs="}},"K/VVLcIlEI9rGlFU9DP5qp0uNHfHXBxBbZ6M7lhDNxw=":{"valueMac":{"type":"Buffer","data":"s4GC8C6FybHBQvFyxzvU/1D20TTVb8wMm0MCZn15ftY="}},"LA3aRm6w8lD7aKYpXXnst6CbpiSy8ZlDGtAo2vDb2O0=":{"valueMac":{"type":"Buffer","data":"izGHdZeVg+GHCLCl6hlw5+/ttp6rOjxf8R8lp+iTtec="}},"LIymLqlLIbgU9Dsqi39Ym9t/WOBv95zcpP/l3mmkyU4=":{"valueMac":{"type":"Buffer","data":"sT96ZPHGZRlw8TEbRXpTtrebMUWXm5K6b6W5fJkF+L8="}},"LTG5l94mCRPk0GslG0OiQQpTyMoy+QB3XaHL+VkYcvE=":{"valueMac":{"type":"Buffer","data":"kFBuNsxaiOrEMtR6PIZskqIe6azKU+a1APWKvFwpT+k="}},"LV+WMybrrD897yzdhXwzYUGrPEoEAOf9DnQlVulcFCE=":{"valueMac":{"type":"Buffer","data":"Pk1IhNeV4/dUFZExBQSaTNlvxrUkMb40e+Bm+CsHNuE="}},"Le6KOcaKbxK0pRXLCA5+H+qx9fx3Tyubwj14wS7K70k=":{"valueMac":{"type":"Buffer","data":"lOxAqHkJgDCiU73ep72trzDgV6Skz7fYTEOdUncfnqk="}},"L8ig43nlcJWQ2bP+SN90LOMkc7+B+NskV3fS94UGR+4=":{"valueMac":{"type":"Buffer","data":"3S3fENeO5hBJJo12L9iAqfcIaLlWkMaWA/PThauEZf0="}},"MDiiILqQZzA0sTx5FPzA7Vd3Hy+zO/5H3cCuRwGBHkM=":{"valueMac":{"type":"Buffer","data":"fKo4Vgj9GCGh6CvYRGN5qF2lcA/RvuIUzBoTr/d7puI="}},"MpMzD04bfZjPZIsvI4rLFXq12uDRQw6gcxfbv7d4qHA=":{"valueMac":{"type":"Buffer","data":"t6Yro3lMLxqGLT0N44osUgsDVPeRt0ETovvJ25YRPek="}},"M+QWozvrkC9xmSJPmLhGrjGOSM8ekYjJeg0/HwN/FPo=":{"valueMac":{"type":"Buffer","data":"ACL4dhDO0h/EXyIFjN8vKTVs/JcCN+JKh2BKTu1erkw="}},"NIOf9p/8GhKzMav1H/na6exc1pFZQCipGYkSca0eJZM=":{"valueMac":{"type":"Buffer","data":"VcQIBU39d9r9LhAJbovosLIJuSR60yVnxswuhyYM9kU="}},"N1Pu69osvnYk2AOX70ATZ9kckvvnGdKMhhZ6jwxbFEc=":{"valueMac":{"type":"Buffer","data":"4f6W7gMUTm+9T209A1hWAgOd3AiRvSIVBoQUDq5ToOc="}},"N4FlNaQ8J3XFI63A8zxiK8o7IAMkUmrQAA9zeL+vxp4=":{"valueMac":{"type":"Buffer","data":"1qs/hBnmkNg158K5/EYiWk7HV87zxrfOZoCBLrv79P8="}},"OG6qK/3xszVGwZWq9vz+AWs0DCy1uz0pXtkFV8SEE00=":{"valueMac":{"type":"Buffer","data":"E52q/C9bs03J9VI23ggfUgISN0HPEiQmCvDt+94QYdw="}},"OZ/hKM23H0m4iuhLPvtqrjwcMRDxDIJH13H3s22Sap8=":{"valueMac":{"type":"Buffer","data":"pC5mrCMyRDSf6qlZWGUsH9y52a7BPYGbI63Yxh0jN18="}},"OmyOaDyQVMN9F9KK2KR7JtZ/3yrq+Bw0f2xmfJhqmPQ=":{"valueMac":{"type":"Buffer","data":"EFNf4pj4NTVpAQRVquhd0Hzgl98X7H22M7oqr73hi74="}},"Otdrah/9X3LXjiVvI659PBIN4xbFFS6x92CyI2P3BGA=":{"valueMac":{"type":"Buffer","data":"1lrUP0Tousj5k6tvsjE7kRg/kXMJCTP2Ttuv1rkqyaI="}},"PBdDHCfRcNmRIeOyTIkSkTBL1AZ1l7Gm6u1NPhOLEfs=":{"valueMac":{"type":"Buffer","data":"QVdpNOTrFsFB7QAG4ENNQ8fB8Y4xvJPpNeYSVfSiIXs="}},"P3pdO9YDbdCGlU16NNN+OsERnyZefop7btN0nxYlNPY=":{"valueMac":{"type":"Buffer","data":"mYQLAV9bkKocRTuY3Tql6tmEPLEzaLaE7fGuEUrMAUY="}},"P4KkkLPFdRswttvVVMLMll5ySrZ4tawIhZrEBO2lMQA=":{"valueMac":{"type":"Buffer","data":"LXDwsgLVPKPEvcHVc5dHh8Ir7Gb+F5LjP66FOg+VR0U="}},"QD6V9ziynJ/lgKOBKKIUECp7YtSq9aCMbIaq+qHHsr0=":{"valueMac":{"type":"Buffer","data":"fr+TpW3dAI74xF6W47lYEJexTmLTlQAlzUXZ+8Ggzis="}},"QEKcYfFwdrPx3QLkoJCdZl8NpGOeGhYlDnF+A/g7NhE=":{"valueMac":{"type":"Buffer","data":"DoTuaPzxnRynXFts63KbBKyHgUgYB8UAB+H49/lvCJc="}},"RAQGFxEoAV9G9I6sDy+7su3qZxDKNOGvIicg3tuNy+w=":{"valueMac":{"type":"Buffer","data":"6i4oQafBY+UYnb4+zNw/8BMKwcwgiQG8wBK5TBaa9k0="}},"SGKUUIicleyLZmW5Wd8EDtHcxkNwJAuLn1YfP3vRk5g=":{"valueMac":{"type":"Buffer","data":"JjchsNFszMgJPDbvvI635UIqQKQzvp4JhxOP3Ela7E4="}},"SIuDwqIkmSOirh4KtD/Cz6gLL99SZBaNWjoaMlzaqLY=":{"valueMac":{"type":"Buffer","data":"qceFWl4p8U+M8aSEMV9XrR/L2OVuk3t5nkXdJM8pW0w="}},"SMswmHiUUy1hKztyqj66sCUs6/n4XUejA6wtUrXHKnY=":{"valueMac":{"type":"Buffer","data":"AZUE8WNRzF3z+VQ13RIZRFKub4pM5B6JjoxqNmJNZ7w="}},"Sbn4Z9OU7fFloR8d4/56tNCfaPeBT+zEFJe3KqYSBzg=":{"valueMac":{"type":"Buffer","data":"fVjSxg5frX1nogWFUlK5gDwXE/BILKa4A2ZFjXr9d/E="}},"SfGAdeBNbxLRIkD+EFi44BH5/kwALyuJredwi6WfQz4=":{"valueMac":{"type":"Buffer","data":"JGxnXW5wbtkBe0FfldDSgB1EtNXkPjxPHDJx5m3EJo4="}},"SyKGOXTqtbCUw7kddDBn/j123wDnQaF/FDzOsLpCYPQ=":{"valueMac":{"type":"Buffer","data":"ERh8edRf2tHbP4poJwKW6opL1SH6pXJcZSLK8vLMUt8="}},"S1MGUMY4++Vxbly6EHsGTX7KtQLYumQI0H/Cq66arFQ=":{"valueMac":{"type":"Buffer","data":"JyrAjvA4vjkVcWCGei54y/L1NxVHbH/N+WAM+/CNPjY="}},"TDy3RIzGrII15bNd92mqsBDSgh7UPdhZ9w8/VU+cCyk=":{"valueMac":{"type":"Buffer","data":"iVY2QFpgTNz+h043M88hek1ACeoV5hGrEqrdkP0Zkbw="}},"TrNnKW+XiLXI7gWEBWEoVl6Cn/Ml+F2neVlbdgd66AE=":{"valueMac":{"type":"Buffer","data":"UxVpGUW1w2FikDerdU3wRxm2CMuBZ59rRjAIF1eridY="}},"UAIeaEOJFt0NMAmPUONXEODECCeY5YfWGLs4B6Vo1wM=":{"valueMac":{"type":"Buffer","data":"feVn7pFH+BsavpT6oMFLdoGY1TUDuMXijY6Fez79kqY="}},"U2NXrAZC0DNX6rRbrXvEyD014bL0/FvmFwS8euR7Lz0=":{"valueMac":{"type":"Buffer","data":"6+qNuzO9LtW9H3GUGaaSsYqawTquyNKOxStKZleAapg="}},"VKkCTjqpb8VcX4DNEDWhQebqXlcVVAwMO2haXI/r1Fw=":{"valueMac":{"type":"Buffer","data":"XGpr6h+x9T8oSxyPxs1sjHHXo0qcIy5G3Iq4vMEAe40="}},"VOXzo5id5hDrxr5fNPV5+uB7kiL+a2GqjmRPpGkyScM=":{"valueMac":{"type":"Buffer","data":"j1SdYdkxAeyhibDmyueOPivgTGGFdhZVN9owN56+qYY="}},"VR+/jpA8An/qLtAv3s1Evi7a6keVkfzXtu3DUwzRplA=":{"valueMac":{"type":"Buffer","data":"PEZj0Wj5xP4ELGe2yzVQ8W57LMRuCtESH0S9X3LvqUg="}},"VS/aLanbSt9TVf8957o943b8oXVbrr3L34WtnxqDSwQ=":{"valueMac":{"type":"Buffer","data":"gCfbrrhUAYeVdKB5g9x7S2lkkZ2eF62Hbn+YuhJO1Lo="}},"VhGUMv0lLEqduQuAMqfKz3Nmw2ePnk2poS0EKRWINeQ=":{"valueMac":{"type":"Buffer","data":"6SyYuS6rVwMMJ3aKhl+CX1TsHhXF0mw2dbrkVgUg3e8="}},"VrkbDn4yy2Y3oPpNFsTZJ7pdvVIRihKMjqwd9svHpU0=":{"valueMac":{"type":"Buffer","data":"i4/f6H88XqBNnS5WVkqfZlCRX/hj2NivCLp+ecxKcic="}},"VxLYfrmCI5h7j2Ayalr7cBdQ3z4nOOtKDodfrvFLjng=":{"valueMac":{"type":"Buffer","data":"ufeRPnbs54HJIniTfpBOMqqmnHE7ym2XO3DO+Yz0LqY="}},"W83wDaIOdKc8kz7HURWJfpmJtDVtqnWbUFWNjcZKGa0=":{"valueMac":{"type":"Buffer","data":"1fG/MfzsEsFoM2VptRof7wIJdny+MeVBW6b9myckjLY="}},"YNspLQaT0cXsZuVikeyXxqUbXnrWf3RE+ztFcvC3U7s=":{"valueMac":{"type":"Buffer","data":"/UyoYE9CgJeC+izDEvR9zExVNSBXeQCjj7c8elmZEpE="}},"YNx4k/CbqMLIBhfu/5U1p5vKG4pWiXzn6OEUZPZhIh0=":{"valueMac":{"type":"Buffer","data":"qrLLfeGTBVJIyzA9je/yUm9NiguOaXzwdEH3mr1G2LM="}},"ZCGeG4c+S2ZbvdRHPOlP0rXR0aFYLvM1V0+77NS2JeA=":{"valueMac":{"type":"Buffer","data":"OKBu+OBFeTvt2Ud7QoaMjO2VluqAE3m6bA3DLX6HF8g="}},"ZgXAoYN8CDTaRx4KX5DkxBFna+Qh+s6KlVipfJBJ1cY=":{"valueMac":{"type":"Buffer","data":"ZroxOKie1F8kPbitckXiHc5VVyu6WT2wCgmT05XvjOc="}},"Z05lfFwO7MqeNWm50UvTs7tn3hk2XR4xHe9F3ZKWZm4=":{"valueMac":{"type":"Buffer","data":"x7lsf0pwYOSANxtK0e6xEreh6s7JROOL8FGEhlabDSc="}},"aBxBmzogT2BBdxzp/cZVXO4uuBD2V/7D2SqMvl0rc0M=":{"valueMac":{"type":"Buffer","data":"H9s9uKIgh1w2dNY5kNupTfJRczug9UiyebKsR3m0ZnM="}},"aNOrXYf7xO///SH5UXlCc4qaqtPzjeOUHmXqV9s9G8Y=":{"valueMac":{"type":"Buffer","data":"eAOgpiERZqP6xMVwb1syvSUOZ7pEQdfk+syk8HG9trY="}},"aRV10bdFfTdSVrmzVpvSutwFuaVjm8tfQlNduxVbh4I=":{"valueMac":{"type":"Buffer","data":"ldF167cI7lZ/73bz7lRj8RNiMn435lB0b5SblJy39Kc="}},"au/UFgA7RQwHEAer2IU8vzJY2IBXms0ujPxwSz2L2xQ=":{"valueMac":{"type":"Buffer","data":"Q/jAxDWvAr1f4eJWOQpxSuJ2yV+R9gKWp0g4vw+vtRc="}},"a+Tp5kh/HpC1yrbUgk2KG8RNueU0tU2mtpnGfTUifjI=":{"valueMac":{"type":"Buffer","data":"gjrfSOS3eSXmI8DSjjNZ+kHVFZyAtxL6AS6aQBSEh6M="}},"beQj2HKsOpj56ZWq3drVYt4T0DT0lfktYikxEOa2qaU=":{"valueMac":{"type":"Buffer","data":"8lr1t/kL38HbOyxjIDL+Ky/2b+SYd79w2e7y6gk/dew="}},"b0AYxTxa5vWlbsknCQGrJ4kR8DmxAKgJ2yntOFb8IRo=":{"valueMac":{"type":"Buffer","data":"AD8KN2QJoEhQoMI13ecXf5yToKnksRstfpMlZufbVZk="}},"cGU0Ob9V+jQrDb+z9/T5pt38oWHogpjrjiE5KV8UhvM=":{"valueMac":{"type":"Buffer","data":"sxDw9c+Hv5mcPE4vmBFgIZbt4LpWhzDtTLu3bYqLfao="}},"ch0LmaOrhI057kDGaxSya/UzRrZnn7ZzBmiE4/YnwUg=":{"valueMac":{"type":"Buffer","data":"u18uzSBcRb13ZmOP9YxBom1r6hyaVQ73ew7ZmdkKoIE="}},"cmE+/Aw4VDbK4Sh+zsNvH1U/xJbUckaw4JH0VGKj2Zs=":{"valueMac":{"type":"Buffer","data":"PBrYXwuuA4bDlPbEg5PzH3Di5v3TPuW+9VAt3vYpMWc="}},"cuaCbMCQ84eppN8jhYwf5rk9ydR2dt1dk/ntwlG/1vs=":{"valueMac":{"type":"Buffer","data":"lPgPj51+WGsdDMfQLhFQFPkKTKkFTLbj2I/E8R43hiA="}},"dV85vOQFuMDN6KgRVt97Fu5vMMNJ+FuiGaGUXMSlViI=":{"valueMac":{"type":"Buffer","data":"FVmV3A/PcBXUJOgCUfZloPb2HhIT1QZ2cgIOUqqC8bo="}},"ddi+x3X/orbdIlRXAGKTz2yYqLlFHXGlk0yEN1s/3yA=":{"valueMac":{"type":"Buffer","data":"llog9icuplp7/g2ZxTCj+N0rCgF+2Szsi+PGBsu+w7A="}},"dzGgaQaw098gIPmqxe9OkJeFtVyXtcnWZBuaXDonh90=":{"valueMac":{"type":"Buffer","data":"VD7HSTmlu9UxUMiInj5FzuYFPFikuyXeEs0e9wsLaBU="}},"d4MoeLBeMbSnydoPbUnNlpPZfKiT3nIUIQ3AOHjqLAg=":{"valueMac":{"type":"Buffer","data":"iuu+A+Lo+HUsg5D2TApYL91yIzXvl31pIBRukXJl4jM="}},"eGdw6vgWu8fZMA7sovOrVy7gu1r+6O+JtQFqIrjo3n4=":{"valueMac":{"type":"Buffer","data":"ZMdQy3KGPbGjtD0tkjORjKQrhGqmYHBgKk3Azx7KSH4="}},"eoiObT76iqIwp1/zt3KvSii6+thNtNSV+MkWZHIoRPw=":{"valueMac":{"type":"Buffer","data":"72flH09eoxNMH3QYz19eLL51SuZUZbPE7p/5DD3TGqE="}},"fgHpO11HmHUtCuFeniEBgBF3PEfYk9mxr0pv6TFBG9o=":{"valueMac":{"type":"Buffer","data":"JUDhtIoTtkSZl9F+tOTRykfub9gU7JG+utKiYf/UHnA="}},"gQBvnvthczWlEORFGnlRCiSBUYAxx+rcCQCdWfrKisU=":{"valueMac":{"type":"Buffer","data":"hboNv/FpxV4hgpMdhS1OO1kH8lQmqjBeOOiNl9//Dak="}},"gib5PIwjSe28RM7AuI6uBNJmniwDnV53WfP3542sLu0=":{"valueMac":{"type":"Buffer","data":"1D2IpM8UZN63ZoPqQim94/D/vQFA75Zhn5kz4b/Pf68="}},"g814yy7KZFPGhF+MAl54/R2tC0MD8wHL6tfZTtfTUaQ=":{"valueMac":{"type":"Buffer","data":"2mHGSe5FoV23zdgtSvJDc17LGORZrg4GP89dXn/Q8lg="}},"h9z+Y4GPoSHOzXoyoaZt44kArgkK/z5gO3XWjxCwooo=":{"valueMac":{"type":"Buffer","data":"KB3AqP0NWAHDYYNfACRCFFUhScoOb5tTJ72n9lKRmg4="}},"lhmmN8x+wXb2vyPAzLbiIt1gEEv/SXf7Cz+6ZiBwAi0=":{"valueMac":{"type":"Buffer","data":"tey5Xd9JincMuX75B0IubS4l3WvwF7huKsGOzZ7y7ys="}},"lqleHTEN18JYeZXrstAVlJpl2wq4ZZQcY9NbIPvKyDM=":{"valueMac":{"type":"Buffer","data":"WMbXGX7OMavPoQfyOfkbJZfbU92JaudL5UGF84taqPY="}},"lx/GVelAnMQcNtzRtfwWgtJAKHo4vYoLunY4JAwI38M=":{"valueMac":{"type":"Buffer","data":"OP6ul2juGpqBPjA6c6YWHV3U6uXDDRe8akClD5mR7gA="}},"mYtlyqXSzau3aTuom5b0VV4YYI0j4y+isK9XI5ooSRo=":{"valueMac":{"type":"Buffer","data":"UHdsThGiIpF4xiD9+Q3Vta4RRGK+tiCw6cOl011vWy0="}},"maggZJfvrsVf2cu9WxyjOFpXUe+IlL6cuFa72G+Ud3k=":{"valueMac":{"type":"Buffer","data":"j7myQ4wrxpLklczlXWvMXLGTiJCOSW/HbRPOrb4y6HQ="}},"me397dQ9vtxitqhr7JGU29BAluG2p+FjUvJ7sZp9Zds=":{"valueMac":{"type":"Buffer","data":"L0YANM1zvMuG8MZj4MS0jP8KmW16sNWpwZP/ZYMbLOc="}},"niv9cf1uQQgdx8Wjnp6V03piAXGb35kE2z10q/w8Wxo=":{"valueMac":{"type":"Buffer","data":"3FNjxMfN7iWiLf0i5H129tudi16dNUjXOJche18cGA0="}},"n4i8uw05KpTXhNpvtAKafdFEe1KT9oaXVKwUfSErNxY=":{"valueMac":{"type":"Buffer","data":"90lEMI3IisVl69MdamCVB3kfclun3Ai0Fmb4oNhB0mA="}},"oRrglPtAKvOQ8ejGHjiFETzZ/uKGV7KVRxyvQa0Cq7c=":{"valueMac":{"type":"Buffer","data":"Iz1V4+489yJbXdgIS2pB37pl2QAA5ZsW4mKs6zoWfwU="}},"p6cOv8RETUUW5AL7X5nWMNUDsZ4oVQWu+EdNyvvHvzs=":{"valueMac":{"type":"Buffer","data":"24mIkdwGsm12LvXLQp0RezlNyrHe5iAuqnWgsNtCv14="}},"qfkVZlm+6o8c5GFqp/Q0rasAkCti+zC0F3MwGzUPfwo=":{"valueMac":{"type":"Buffer","data":"RGQ1mpnk7yObQ0NzDGLRPuq07xjI9HEJNGNgIfV7ydE="}},"rqfUlq2sW8eDd8yY0XJ/K3gTVqHSDnKngDR7s26o3dQ=":{"valueMac":{"type":"Buffer","data":"SlD0QDhPU4k9TmPcBYKuLKb3HkcbVrUp2tgW3k8qcms="}},"sdbG7199FncgV0BPMK9qaOi/Tq/uyprUTttnqzYx6y4=":{"valueMac":{"type":"Buffer","data":"M6ry+44VEd9z6be1yTxMAhatI6fKpRUV8DP1N+QpuHA="}},"sr5zRysytsXziori9LhM8894D6R2yoiOUBRvmCU8IO8=":{"valueMac":{"type":"Buffer","data":"kI/0JhImvYdmSrJ/20Ghtm60kUTFYj6KIHA61EeIfY0="}},"ts/XWoBrIda05+aDd1aDQAXWGz0UeILvUcvKf8KnE18=":{"valueMac":{"type":"Buffer","data":"BcnYdN7qtchrtvo2kV0Xy27WT7ALlsnKxGuw5mL9AB8="}},"uS04Y7Y30QgnKHbUFdbwdN5AzZDYOlgn605vLaCREU0=":{"valueMac":{"type":"Buffer","data":"IYKYMcWBFwlZX/O0Y51BGBPXaPn7ETB/G9G/AbBJMok="}},"u6mC4ZvpRHznD5mUCjyrxEzFj4HJsXeVpoTzVBL+VhI=":{"valueMac":{"type":"Buffer","data":"/e2cvqWSV3dEeyRT8pVNSy+04fxGqdJK7MjPI5EKqWo="}},"v19Vs5r+Af3JELFZUMdlpyCcXNalTaBi3nO9itkelk0=":{"valueMac":{"type":"Buffer","data":"tqG/jXtWTTxlMqAw/DSmd2UpBxB2b3MAazNCBi8BVsI="}},"wCeUhr8otAJhZHYN7Rh3QzLp1IvmzN/twnYbFBt1L1I=":{"valueMac":{"type":"Buffer","data":"qKnXoyPsHKUpqNK8rzbsf4hRhh2q0uhLODoRSA4Y5Iw="}},"whnak0Pn33EI8rkg6fEih3YPhHm4uzZ1tnOkWwHCb4M=":{"valueMac":{"type":"Buffer","data":"8eZgr/37e1XpY7uPGPwAwkIcHBCZ/ZePjyQcl2dXZk8="}},"wobO9hAe39dEFUjCxBu6xuortHCbF5TcJyMzH0be51I=":{"valueMac":{"type":"Buffer","data":"KbfHLiA5WkKEOxKZPPL3gXUVhONbzMMCxO9SKLmOlZE="}},"xJ/Zbw/t/iP458WsovN7yvPRP5btLiuw8D7PvLurFk4=":{"valueMac":{"type":"Buffer","data":"M6BaAIMt5x6eZR18QooHBm87wcIvM/Vr6ZusilPal2Y="}},"xSpptAfKV+3Il4tLmcs+GfPHfN/uCYLntug1GDb91Xs=":{"valueMac":{"type":"Buffer","data":"NE35gD97ucRuAAuljJpvMi0QuFWt/BJremwQ17r2Gco="}},"xnC2KdbSngWpTWkiFI3TCjIQn4ISfx021RkCQR4bPeA=":{"valueMac":{"type":"Buffer","data":"8hEcpVMsDpssp7ZC9I9dWtjWtbDkab/jeE5nRBejfSA="}},"x2UrzNN7DJMTFTrncOrhtOFyWgea/1OVYPM4GcGuRI8=":{"valueMac":{"type":"Buffer","data":"wlswE84xZeGTKcjt0IZ9tX+3vnCdvHsehDv02CSDenY="}},"y82GaJ52NZZEfNfmqhdpp8MvrEChlwxsciMYI/YHtZg=":{"valueMac":{"type":"Buffer","data":"ZOhDYFhPepJgTy4Mo1jysHBCn4H34Y5W5wOnQvSS4q4="}},"y9hEe7YzFBnh2DAVqujw1ZSqnB6npAMOhzzMwkNerD0=":{"valueMac":{"type":"Buffer","data":"cb6Ujq/DLOYaicNL2V0LifwH4MOECCwms+hJFZm4nbM="}},"zKUaZ70hAH1RbRXRnjrPxnKmgnCJ3zuYADvbPmei7nU=":{"valueMac":{"type":"Buffer","data":"kVUEt8m34L/aQAVRFfDENDcYSiVC2rfXsbEjz7pho9M="}},"zNQj7btplvvm6+wj2U7dOHpguO0nBSl0elCxM11o6CU=":{"valueMac":{"type":"Buffer","data":"DZGeWdcyuSv9AgVMY5HbRR7peos9l7lhFVt7fqYlHZk="}},"zOd6x+ebfIYcir/GNml4R4ccfrv0Zp/CBaL97p8qeXs=":{"valueMac":{"type":"Buffer","data":"N+HjIZVu5ZytoLdNnFZVRh0c6gVVGSj3JG/HGxfu9DE="}},"zt0Gdd98U/07QSWGtSuPv6nq2/qfpDh+qGpnZ5oAnsk=":{"valueMac":{"type":"Buffer","data":"QLuYPe0XtN/VyArhPUaCPdnhghSpU9XiHfuZFyPBIsI="}},"zxECqeDy/UoIfL8nRUt9GstKdOqEF92MRQPQfAkkpR0=":{"valueMac":{"type":"Buffer","data":"jkFPWGqxANo5hny4L7XKOP5llbwaP6x8DMploHiUWvg="}},"0D5KunCwa4/eQ3T8nTwQaKGzcmSk3hem8RaspNYvHT8=":{"valueMac":{"type":"Buffer","data":"v9lJU4jEquO0yjdHqDBBjPdhhMzz4CWIzfFTOMcxhl4="}},"0LNzNu7hmMKyjYaoC9mUIjJxhOQUYNmMJIh4MqQOgW8=":{"valueMac":{"type":"Buffer","data":"0TjaXYR/HrXAqbw6twH23VCQ6Fmy91htvi1VU2GDrRk="}},"0Q5lqVxyLxo8Nha9f/62C9mlDU3dRmeMvEAMm7KT+dE=":{"valueMac":{"type":"Buffer","data":"TzTpHZsMFNDVfFDclF4IRYK48NTD5bkErIQ4HngLbuM="}},"0WOe2OlN5qs45Y6UIde6JE9/BG82DuWz1V2JapND+2E=":{"valueMac":{"type":"Buffer","data":"kl/wzMdgDmYpESYfpHYCvMMmhx4AtSdaPkEH7ffD1Gg="}},"0hBQdDKCWDbHq82e7sWj77r+t0hbEe8ZXzfAq6mfqMQ=":{"valueMac":{"type":"Buffer","data":"hQVOJEE3qqn9cbKATucuXR7KAufd47nDf35kGln+j40="}},"1DvwnckzPGUhMIxofJOv2pVP/1OaoTIxykMqAIUmUdM=":{"valueMac":{"type":"Buffer","data":"sFY2avWfAT4YgowYAYwxpVbao9l3iRAS70gvxl61Lw4="}},"1VF9Hw9EzfmjoFZEO7IWIJAFHi0uBAlUcDg9JOZXDvo=":{"valueMac":{"type":"Buffer","data":"K7ynvabWe4VTXUWOu5Cc+JvDVTI3ibXwMvvBR6103R8="}},"1udHLxs9R7HXC+q8sDVanUIDGGrJ0TbsXP/CfLzop/U=":{"valueMac":{"type":"Buffer","data":"IMKCfe6LUVqtzbjq7RYdctwgRaLCMl8LlUO/cr7uCno="}},"1xv/kKQW9Eml/+Z++/Z8fozsGIkhS4ulx/42DmNtY/I=":{"valueMac":{"type":"Buffer","data":"yQWRXkhwF6r/sokgAPwi0Fh5fHmGpD6BPiPtfKCYZoE="}},"2SH5yIkqiNHqrpzEm3wQWMpP+12qsz/nlNDAIwqoxJY=":{"valueMac":{"type":"Buffer","data":"LEXCDNlTkXBo8GFdM/LpXkRehd5H5tm2PNiIo7PHnGk="}},"2rTSET+VM/366KYi5QwCd5DUUXY87tYmUbt5JhyIV7o=":{"valueMac":{"type":"Buffer","data":"60IsuCGDneUk0GTL40jsZdaVT0J5Eb196Hohu7nNiQM="}},"266UIdJ9XiRXLakWXzbtcZV3QHSfsnokVQCLv1g7jzw=":{"valueMac":{"type":"Buffer","data":"4VrlrrVD7diGy+lCMxPysosGi04Q+beWliAvE2A/50c="}},"3MeY/L0rRdyBNLrKQFtVvf8q/fpdGi0MFt6/v07rO/o=":{"valueMac":{"type":"Buffer","data":"GxUwTqB9Tfv3ksTsg58y/6zxbMQtkwQd7/VhlLFWd8o="}},"3Uu/r/Dure0Uv4dU2vyymyK2oY9C/ObpSK+Low063Z0=":{"valueMac":{"type":"Buffer","data":"iolFMCS6UkiNoopyyjHS+PQHyK9cvc3Gq/ONtYbMVMs="}},"3VH6bkyLy5scVzvkOPY+MC7Ym5I8OkrOP8QsnbwV4qA=":{"valueMac":{"type":"Buffer","data":"TiD68RKKSsbRfO7PNPwkQZApkf/9pmEFSrk/+rgrV20="}},"3XcHl7ylxrv1dOupQgD7XoUAJSj+DGgmFjK6lGn7Taw=":{"valueMac":{"type":"Buffer","data":"wLUhrKHhTl2HkEawhsnWQqZRgTFpXnLnIuxDToGjDXw="}},"5WvCrEFX0621C3HLQmX7BqbvwPhnWIjVtkVHEoxmtEQ=":{"valueMac":{"type":"Buffer","data":"wtKwi77fbjM4nJC5dP5gZTc/Y13R4UZB6X29QeJyVLU="}},"5uHNpR216xs1QZCEZSmHKJotFDhTdxGKyebcFwgLmSg=":{"valueMac":{"type":"Buffer","data":"6flEWlkp+vbzlKE/s3BzfIkeRI/qqg2m29YyssF+hyw="}},"5/rJWCzyccI2ooZouKAJa45yCY9vRybCxB94NQ1r7O4=":{"valueMac":{"type":"Buffer","data":"zfgXOKUwje3dB1i1zu9Pkw797yWKkkSurVk4XCh3YZM="}},"6KoV3APyKI3WY+H065oIh++GFUdPZEbKoj9XwH9Hm98=":{"valueMac":{"type":"Buffer","data":"37Y2BIjwa6mFE1AuxumjrWW0sxupceBqwnrrr5qRWhc="}},"6o2WwvBSqkv7PtbTy8X+pbeVaG72IlokrZ1WISjgpsg=":{"valueMac":{"type":"Buffer","data":"QxD4bMzIvbyeQK4eTsLNAPxHCRHZOquaUS0Zjok30Mg="}},"6sMPdfUazNaoKmY+C0dx6NEMwugnKHJlddfEi/CqX78=":{"valueMac":{"type":"Buffer","data":"Jjrtkv3gFBpki+zFQeo8KIizRZggE56JY2aQAYETq6E="}},"6tSBWJxgMv82TEz72Hx33RJ6eG89UaNMdOGuqjO2pKk=":{"valueMac":{"type":"Buffer","data":"xALs8ZjkJgsxzHlZgWkoPrrW1Wge0kCq8b1PrnwyDr4="}},"66HbLtQqP1vmWDZQ36S+YYJw5cX+qVILYP3XqvLGeEY=":{"valueMac":{"type":"Buffer","data":"lZFdQJjfwGk+x1Z8jO6E9ascswAHKim762CehsPFQDM="}},"7BYpNGbI/1x/R5BejD4GW/wE/UkBmbkiK50PyPjzGF0=":{"valueMac":{"type":"Buffer","data":"PWtkeG2wqTTfWhLnMZLj6erKlP5zN0WqQjz8bek1Nxg="}},"7Ebzk6DUZwOcuY5GCUWHNWVc35nNSamLg66tiegXR3s=":{"valueMac":{"type":"Buffer","data":"/+nEzgLHG5iqYylH6+KfrO1d41xxkc8eNJMzAprb2I4="}},"82CvwcpzoRHqQHb02BT/XwwzcuarhNedBYlyTELVapE=":{"valueMac":{"type":"Buffer","data":"cBet7InpNfY0IE5ysoV0NruqWT3l8gRPmG7aU38bEoc="}},"9FD2bp9Eefo2B5SdGhLyIyl34SvX0rOQejafvueX0a8=":{"valueMac":{"type":"Buffer","data":"b0n/o55hCSi8eloskA8rUI4cEt8rpaMlK6IZGZ0C/4k="}},"9JqqSZDQFEzcSUvULuL5WX/NJMLsrwBbG0519UxsLzk=":{"valueMac":{"type":"Buffer","data":"mE46pmEs4FWQYuZoe8gb4u5NIsF2UpnlDKvowz/9eJw="}},"9L0NLM3Kks4zs1CKlDsyE5H3mruuN2K47uEYbBypa+E=":{"valueMac":{"type":"Buffer","data":"FtFt/5ote3n19G9i+JUJ8S3smj8fi8bqVSMZ2UxN7wY="}},"9zxpb9g2XVFaKotob93bX/VADOrl9YTB7IDobvbmLdU=":{"valueMac":{"type":"Buffer","data":"e7stH2axmMXiUzEuFKCy3ZFqJ2mdy4T9Q7AVMHTy6bA="}},"9/igeIDUlG1nBOrmqLCaDcavD7QU/OLEoXj8FvDI0Hw=":{"valueMac":{"type":"Buffer","data":"pj13s7192YGpve3Y0lfAhW6wxjRS1Afsi/zAwkD1Nxc="}},"/DC/duScm9M4dafxaIQelNikDAfF1Jl8OyxKSIp/JOs=":{"valueMac":{"type":"Buffer","data":"tUcSu7M/3tTzu9C48AReeY0gjRLW0ycCpq9tafALu/c="}},"/lLi2Gto+odB2iugOjNYct+V7BMPSLAQ/ljIXfOOmBg=":{"valueMac":{"type":"Buffer","data":"5pB3/S9YduHsy/s98S4nQxJYEOr6ATsp8QMYhgna5+A="}},"/5ynoulIFmig2jia04Nv5OCxcHg5mQLNqlBTa88X6do=":{"valueMac":{"type":"Buffer","data":"yxNFL5dPxwsd6wRsoU13O5dlQZm9ToebUGmLRU6gMn0="}},"6O9XAe9juKPp9bA09L8y+OdTnu1COZ7fevWNy4RCCZQ=":{"valueMac":{"type":"Buffer","data":"qk0GDxGe5dRxbv7fIz/uLa/KGTgL13UUE/4VGcsvD2k="}},"Cnnp4/olAP8eCN2OHFAQSbQDl32ppyUtGsYr9e81+dU=":{"valueMac":{"type":"Buffer","data":"M1GzMJk3OrdeAVLjPLfc7tD2b0RGuzPPc1NNVg1Zuoc="}},"y4vrS88QnZUmDLlGjTRM9agvckzNUZ8G8cJ+bsYMfkQ=":{"valueMac":{"type":"Buffer","data":"/VO7lAqdYAJPFiubV7Te0l2D93Uo9C0u1WNnh8FlmnM="}},"e9LNg/ikcwLXN4718z6HbuP/PbbhDeRO4JO9hRABVco=":{"valueMac":{"type":"Buffer","data":"ycpSPnogTPJq9IjusKUe5GPSnBjIN8Ik+DKBIdvJ+Rc="}},"UDOaarBzkKJ+yidUj7JaRDKKC9e2blr/6SflXdJhbvw=":{"valueMac":{"type":"Buffer","data":"A42KyadQ4VqbRg31bNNXqHOEN45O73b8mp2OvfWZ69c="}},"6hLOGbpGfxUc9OglXlBUi76edHWPuURKg/EefBRyYXw=":{"valueMac":{"type":"Buffer","data":"5A35sgJkYgsSaS+UItj7qDv7bzxoF8efU/OasjAcuGk="}},"hJKaUVdqIQShmKVkR9yJ+Qxic+M76bBZZlpMhRaTqqE=":{"valueMac":{"type":"Buffer","data":"KGqEzToa/zXtVjYNh3v2HW5JXEX96GQTw9Nm03FHLrw="}},"ylqS3JjiLChNEtiJ/+Hc4fZ+x9GaZUq2tLun3lPux7Q=":{"valueMac":{"type":"Buffer","data":"hbVvxSTrU3r745D/OSJHkmWs2LzGqDiM4wKfpDmbdxI="}}}}