{"version":42,"hash":{"type":"Buffer","data":"S9x1zSO7BGG7Xk0zkozqEomYC4HhyJsKgJuUwS0Gk06lE0wsqjdm9qXlZlZs4WJoDguJ+Vu/FhRwct+u+6rb+Yd7fg3l/3G1XZ01EXWbeCdQymU4+IMWWDyjUPExO4q3gM+EkSN8GV+N2uRxvHAiJKQz5fGZuks40jTr/tTgGrk="},"indexValueMap":{"xlDBoCacajxlgn8qeA6zyoXBBI6OXgQ6UgvhNtZ7z4E=":{"valueMac":{"type":"Buffer","data":"rr46LWdQSwmXdd9OsLEtHUZaD+sUOkI9fWMuYpg6Dy0="}},"+2rLTydpfwEYeGR/Z15Zsp1bFg9Lmz5XQpp6ZRtc758=":{"valueMac":{"type":"Buffer","data":"+VwWmJye6FannIyoX6kjWWMZREIHstRTzIZh6SdZUSs="}},"nGVlJAjr78RduxSTzKRFpEVYb0AmWBle3tT2yCsvQD0=":{"valueMac":{"type":"Buffer","data":"mIm0r7xk7ez30CeXISxXhq5GJsTAucRHnIXsmQs31g4="}},"eIj5OghUvhBw7L7GvAQc2lEEMZJY1wEFdltpwCRgdPo=":{"valueMac":{"type":"Buffer","data":"aX4aVb/UpojgHRU7oy8dBMdkMiQPLi1sdXULMci4IZA="}},"5p0LQ/yFiQ5d973fd3RmAs+3KSvQCN/Ed7Blg3B/ycY=":{"valueMac":{"type":"Buffer","data":"NlZW6qJAOi84MBGV0iECn3FkBVRT02zDy1qNYoOBbgI="}},"i94fn+bsGSrksEp6rzq24NpucnoIHtecn8YdP53xURs=":{"valueMac":{"type":"Buffer","data":"VWXukUS3f7X+VMub9VRuR9beVK8oT2fKWNxQqwmXXBM="}},"AsTaHTA5/s7NpMNg56Dyj0gJ5uhyTIDLfiXg4YOtJYY=":{"valueMac":{"type":"Buffer","data":"5r6ytlqYZ8AqQ3h5cINnY0ZMig6qf6yHCAA81CWFs8M="}},"Ut7kLhfUjOOZsOmA5jPwCvyg/zuufLil4C3FgsHeaj4=":{"valueMac":{"type":"Buffer","data":"jNdaTgKsjBD5baVdZL5wJsWHp2GU/EsLjhCrAmRfjpM="}},"znS4N+eirfH55/Gq8lgw/ddOhNziKryxFFRM24LitOg=":{"valueMac":{"type":"Buffer","data":"ReWhctNyknyjRK9V5LEg2C0rgrqgFJ3jK3WxlgJ4iyY="}},"2d8fZarOs3aFHRvklUJ19SfYmWEzHuraDQPpDJ8MptU=":{"valueMac":{"type":"Buffer","data":"RqUmxtpEetu1L2HALdSGrJfJkgSdZ8oaDysHswc9dD4="}},"aNwAukNkz1fWyx2EerH+kijTi10mM7e8CzqriKLDDz8=":{"valueMac":{"type":"Buffer","data":"2uPttadf3cSN7Clj7Juk0o+fIqBQl3wYDw0UdikiM/U="}},"hma7jbWGgPq/QRXGhtUF1Eqy8YGpSBlyrVhVw4OLvts=":{"valueMac":{"type":"Buffer","data":"oN2srdRrnS57WNGBI3BvyLnof6uK1d1wuTItoUbCoTM="}},"ciqLvrDN6ZSDrY6NpKAqV3zQvTuiXfJlNzPxvOaCNAI=":{"valueMac":{"type":"Buffer","data":"7UowSMjJVmxTpm3+Uve9o0cxEA5gxmmasKdpihS5WYs="}},"S2Mz8IH8udvRtkQSACU46AvzlRcadXwyeadhwKYBaas=":{"valueMac":{"type":"Buffer","data":"d5AJ2UOcdRv9GJxL+A4tRNSVdT/AXcvgtayc6tBoeeU="}},"BHjw4mA80/IcWToCU5tL3jUbuO8DiYZ1VgWnWrDiAU4=":{"valueMac":{"type":"Buffer","data":"3yQ1Ui7W24soIXU2lft9fs4bZfuZeQx2Sk3aa19q4rI="}},"xuibmz1wNCPzjh/C/3pATunVuvkCgb023oLRFMYGAwM=":{"valueMac":{"type":"Buffer","data":"m5pamxg/iKW4rFxi0oCjfIrSCC+lZjAhKsHfhA7WHwg="}},"BM4tEGnpvTOb8S76GssnV6+vxLgNzdSZK3xvL1DqcHk=":{"valueMac":{"type":"Buffer","data":"lIY7OVvEOVCHJ0dfw1Tbr4wQhgK8X3JOsG90Py3Z4xc="}},"E1uBHAhH+fzQNUdWH/z4PlOEe1skmCB8LXf0MXs32eM=":{"valueMac":{"type":"Buffer","data":"Wya5kYKHAd7cpjk+HoW9CiXaEwgytjFGeA6mrJPlntA="}},"1xelnnZhMCi9htGxUhyA9DhXk/y9TgzZP3j+Uy5E4KM=":{"valueMac":{"type":"Buffer","data":"gqcKkuhUUuTYcGDi2d7Gj7Tc6MdHo+INripc68WhD/0="}},"Fj679q6pRrdEKS0ZD2SbXziDGbDqhPy05A248cer3eg=":{"valueMac":{"type":"Buffer","data":"cVlYN2jAd+uov7r/3b8NwWHf97ypZbZjRH5Y9ODnJVY="}},"GBPOaPcyIKtFixPyK3EqnjS0IdXLoTqS8IarmaeMkvQ=":{"valueMac":{"type":"Buffer","data":"P2sl9mTAkOBFP3+GadVNxdm4zP/9UFgNofhgA9qpKf0="}},"egKKb30G6DEt4RxScw458yG7hxQ04C1t1bk2bq8RxxU=":{"valueMac":{"type":"Buffer","data":"Ov9x08VBXxkxqEK4TLzhnTm0WlzA3UIwvzC3JOfX0eQ="}},"ahXFSjHg64MsD8Qh1TKXbBGrIYsiBsazVyg0pgv7x18=":{"valueMac":{"type":"Buffer","data":"w5VuNxNwWk0vT0lDWMuRnsZXAxLExmC5yHlLDq3qDVc="}},"mUzdF/KBFJF7skm5xpT+jDdTQUi2e6m6nEXBBnohbIk=":{"valueMac":{"type":"Buffer","data":"ny3HIblUbQCQd2M5+XDzIzTzu7o9VRNGi2imKuhtreA="}},"cJvkjKW1IisMXXi0oSeAhRW+Vvf4W4vm4M93pFFc6Hw=":{"valueMac":{"type":"Buffer","data":"kc7hvdZhhtNqPbCHxN+wgCBRYB/h8ix9Lo4EZWYqWtU="}},"Qb7kX+jOs0S1m7xCYbfDpdsTb92G4+nXGJnorLBJUPc=":{"valueMac":{"type":"Buffer","data":"GT/74JbQno3qHz960EUFKfW/oo6pHQr9vt/SfZ1fOkk="}},"U/YacKTwiAnzk9cuC6gH5+pWn8Die4nub9cuficuNkU=":{"valueMac":{"type":"Buffer","data":"NMT770s+8EZL09XPCrSvTHzWlgiEeZNzwjUVWUUnGs4="}},"QdYmesm17sHFnVhXEl9zXCqtPu0oFR0kuUlFakQha3A=":{"valueMac":{"type":"Buffer","data":"96MY+tUxnK4771wbFqSMwDqZxOM932sG5wOmDfzrnY8="}},"Th7Ma748uQRKRd1/Yy3TF/kVU8twCP8JV4n3KC4QoKM=":{"valueMac":{"type":"Buffer","data":"O2GpyLrQO2V6lJ6TSJPd0mBLBt5UGAiHGhKzOIacuAc="}},"zvxfmFPorEGQlk2MjyuLf3mRdFYfLRjvNXwBqCdIbgA=":{"valueMac":{"type":"Buffer","data":"cD0S0ZyxjHtajpi+IQdOLVMahPzccJJPjkZ+4PONUK0="}},"rEoKbvEML9fgBeRtFqRtvBKj0pTLTHx88ch6nm9lSGo=":{"valueMac":{"type":"Buffer","data":"3HJjvwRxnGdJGDX51sVO5d9Q9Kl04gfSdcjt4htA4/U="}},"sC+Ies9AtDrrPxnzdM4TOL+keYXLtTCzsjLKmhZxxO4=":{"valueMac":{"type":"Buffer","data":"fOhh+F7zatnfFHUyrxbIcuy/s8XQiEJyk7lWLxAzHVE="}},"8cET3Sy5cgzc+1hcrndKvwZ9+zPTli2LCYmP9FMOJHk=":{"valueMac":{"type":"Buffer","data":"Xh4x/yNiN4oqHROviri+Y6e+jvpX8pj10zd1OaWbUd4="}},"DHZBVzh9z577Bmg2bVxsAL4UPE2+3ZXLDACEWCFZdac=":{"valueMac":{"type":"Buffer","data":"p17cYkvpoHs51C92IzyAcdZ/0zf5Sp0qkOKcZbQ8u9Y="}},"oRQEEEAfoG7B7X5S8w0BPbJlwC6K8UawX+awNGiQwmU=":{"valueMac":{"type":"Buffer","data":"yb1Z5UnDu2Jf6mK19ESIZFGZ9CBIYTlVhNjyP3Wpjog="}},"E9/AtxABeQ0eDYAeAKxcRfSD+RUK3Z4pPApD91ffMYc=":{"valueMac":{"type":"Buffer","data":"4tRqrbY0cNssouF7lV5mEtkr36qzfXJTSXcD1D/DGxk="}},"I0hlNSuPZOgCLfkIOevZk4f3+s7OpK+qXrDTjCa2lnM=":{"valueMac":{"type":"Buffer","data":"N76mmBB5uv63wgrH5Qy1W7mevq6SbcJjWK/PKMArTc8="}},"PO3CWM3WPdLTxwZ3v4ShdRXp1NibRLDem5HF5G3lqsU=":{"valueMac":{"type":"Buffer","data":"Mmd7Od646QO2C6yJCwPbCiDQHj7fz92nLlXkr426V7A="}},"PpFpsZWZrdyQ1z+EIMIfQxw/4c+IqaCBFI/hNnFs21Y=":{"valueMac":{"type":"Buffer","data":"qmUT/eHeAi8h1XHrU92VVRCp+DJEjZ/1Nq9csXVi3LY="}},"3dUkcb5jyywXq5WgjUPpeE8w4/zz1g1c65rRRAEGmkM=":{"valueMac":{"type":"Buffer","data":"gCh02OFMVa+eytEIZawFPdVQuYZb5Ycn+NmVUE3T2rM="}},"rLUyEUoSvlUvbsbWbXuH7Hx4hEXTMZ4BY3+g0QxZ2zw=":{"valueMac":{"type":"Buffer","data":"PJ222y0BJllvEvV8RX+B5z5QcZVztsqTvBd/Dv4DCv0="}},"LYS0ikSYzmm15M4p+hg5j/bDezRc353sensyBfcoOFI=":{"valueMac":{"type":"Buffer","data":"t5DY4cpHkt3mwZDH9qOLxohiKktuWj8l+RLBibApHMU="}},"ea5HOWTa0g3NDA72CNRMbeCwOUApNL2sbi0NfX7nCEE=":{"valueMac":{"type":"Buffer","data":"iMaix0BmJA0fnS6iraO5vRfhPHhGctL6/E5eLcaCNG4="}},"Fq90IiX8p027xgoDb1wynWa/APhmBXqI9sZFXI5PbMg=":{"valueMac":{"type":"Buffer","data":"hJLbfZ+xhlLijO78/zu8hvDSCXxwFMpHd+AUQS6+TWc="}},"p16ijNCCdCmMbEo1TSD7zdTlmaysI0SQUc5GtIiBSlM=":{"valueMac":{"type":"Buffer","data":"Lj+oWwJFdTGJvoU6VcRv4PSeFxMUBgfUlmJEYJTXRsw="}},"J7Kgm+I8UzlxKImubdUevFTJG2CcxFFWP5UEWIkNR0M=":{"valueMac":{"type":"Buffer","data":"Mqv3UaraJEDX6dpTF5vQt4Hd2jsx1OwPKhwRwpyuYy0="}},"x5ZAp6januy9Dsoi3dup5jPXeKKuerFABjTvJ1ZCflo=":{"valueMac":{"type":"Buffer","data":"NKH0TMg1eJ5ofbDQtCa4sreJzCyw6+7dxLyjQkyY90U="}},"D49UjTILmMdT3TXZLk7yoUYPNm7ENiVYpAaLd42ZMQs=":{"valueMac":{"type":"Buffer","data":"SbT4f/1p79LZ91UXTsfwFk96tXjBjh+WW16w/3Uiokk="}},"ZT6Fb2i6Od9KG/ek2612dNHyK4TPIBttffFnKq7rplU=":{"valueMac":{"type":"Buffer","data":"Z6RG69I67G7Iu5VPXYBFbvDOhpCzZMCMNb7KI2tgoQI="}}}}