{"noiseKey":{"private":{"type":"Buffer","data":"gALOdMd7ykIMTj3ghrEHgbAvWDc8asdV/HmuvmJUF3c="},"public":{"type":"Buffer","data":"7mhBHr8baFE3PZhKWIlPlH3ihUTmTjnmK1Fq6yqbRyc="}},"pairingEphemeralKeyPair":{"private":{"type":"Buffer","data":"OCqkXlt/eqxq/d/eD61M031okouaeyI9mlajPVCj+3Y="},"public":{"type":"Buffer","data":"DHr3YnLDy/XqstuOV3kAOm+rbm0OdIiiIQ360hGRkxA="}},"signedIdentityKey":{"private":{"type":"Buffer","data":"oJkKotdR4IRoaZyFufkAoOz3bkSXd6mxbKN0QKf9P0s="},"public":{"type":"Buffer","data":"HJAlwhX4oelc6B16CHXTvLLiplApv3dmIWQRbIW3YyI="}},"signedPreKey":{"keyPair":{"private":{"type":"Buffer","data":"qK6GZE6bTpDiT3zXOG+cbyjoaBWEio95IiWc8fuZq0A="},"public":{"type":"Buffer","data":"R83shaeq7BLtrKgHsg3QrDDdc0yDmnphaS3gT8M2/nc="}},"signature":{"type":"Buffer","data":"/g3sX6I+jsgLLSy/Eyt8IsAB+c9MADvHGQyzqq04WQnkIzaUNZaej9Yp/eQ3wU5/qhkDHx6L03Ogr3oCmiffCg=="},"keyId":1},"registrationId":129,"advSecretKey":"nS3TTxTQslvm/DmkxrHimPYUcK+D8ItBQmA6O7JmKQs=","processedHistoryMessages":[{"key":{"remoteJid":"573136693029@s.whatsapp.net","fromMe":false,"id":"3A87573A2F2C12943FD4","participant":"","addressingMode":"pn"},"messageTimestamp":1766012029},{"key":{"remoteJid":"573136693029@s.whatsapp.net","fromMe":false,"id":"3A8FBD71B9ADF61B4191","participant":"","addressingMode":"pn"},"messageTimestamp":1766012031},{"key":{"remoteJid":"573136693029@s.whatsapp.net","fromMe":false,"id":"3A5F2341B8AC880564EF","participant":"","addressingMode":"pn"},"messageTimestamp":1766012035},{"key":{"remoteJid":"573136693029@s.whatsapp.net","fromMe":false,"id":"3AC764A079ABAFCF4D21","participant":"","addressingMode":"pn"},"messageTimestamp":1766012035},{"key":{"remoteJid":"573136693029@s.whatsapp.net","fromMe":false,"id":"3AD863272346FEE1B269","participant":"","addressingMode":"pn"},"messageTimestamp":1766012048},{"key":{"remoteJid":"573136693029@s.whatsapp.net","fromMe":false,"id":"3A6BA02E7839FB437C11","participant":"","addressingMode":"pn"},"messageTimestamp":1766012059},{"key":{"remoteJid":"573136693029@s.whatsapp.net","fromMe":false,"id":"3A915D42FA1DB65107E8","participant":"","addressingMode":"pn"},"messageTimestamp":1766012064},{"key":{"remoteJid":"573136693029@s.whatsapp.net","fromMe":false,"id":"3A8092EE440E9E91A95B","participant":"","addressingMode":"pn"},"messageTimestamp":1766012069},{"key":{"remoteJid":"573136693029@s.whatsapp.net","fromMe":false,"id":"3AAD1766083BCF5E01F0","participant":"","addressingMode":"pn"},"messageTimestamp":1766012091},{"key":{"remoteJid":"573136693029@s.whatsapp.net","fromMe":false,"id":"3A211ADF6481FC1C4329","participant":"","addressingMode":"pn"},"messageTimestamp":1766012091},{"key":{"remoteJid":"573136693029@s.whatsapp.net","fromMe":false,"id":"3ABEA2620E849363ED4D","participant":"","addressingMode":"pn"},"messageTimestamp":1766012200},{"key":{"remoteJid":"573136693029@s.whatsapp.net","fromMe":false,"id":"3AA90E5049F6A4ACB783","participant":"","addressingMode":"pn"},"messageTimestamp":1766012200},{"key":{"remoteJid":"573136693029@s.whatsapp.net","fromMe":false,"id":"3A4519164154DCADB637","participant":"","addressingMode":"pn"},"messageTimestamp":1766012200},{"key":{"remoteJid":"573136693029@s.whatsapp.net","fromMe":false,"id":"3A7BF67F1FD4316053EF","participant":"","addressingMode":"pn"},"messageTimestamp":1766012206},{"key":{"remoteJid":"573136693029@s.whatsapp.net","fromMe":false,"id":"3ADA2227832190D7CD20","participant":"","addressingMode":"pn"},"messageTimestamp":1766012212},{"key":{"remoteJid":"573136693029@s.whatsapp.net","fromMe":false,"id":"3A28E8F4E0157AEDA3F8","participant":"","addressingMode":"pn"},"messageTimestamp":1766012225},{"key":{"remoteJid":"573136693029@s.whatsapp.net","fromMe":false,"id":"3AD78D331CA43C787043","participant":"","addressingMode":"pn"},"messageTimestamp":1766012234},{"key":{"remoteJid":"573136693029@s.whatsapp.net","fromMe":false,"id":"3AFE434796E8C1930F35","participant":"","addressingMode":"pn"},"messageTimestamp":1766012241},{"key":{"remoteJid":"573136693029@s.whatsapp.net","fromMe":false,"id":"3A29E8423A3502FD2ED2","participant":"","addressingMode":"pn"},"messageTimestamp":1766012241},{"key":{"remoteJid":"573136693029@s.whatsapp.net","fromMe":false,"id":"3A0789C4442021733A7E","participant":"","addressingMode":"pn"},"messageTimestamp":1766012245},{"key":{"remoteJid":"573136693029@s.whatsapp.net","fromMe":false,"id":"3A6A53CCAD8F0E9C1801","participant":"","addressingMode":"pn"},"messageTimestamp":1766012252},{"key":{"remoteJid":"573136693029@s.whatsapp.net","fromMe":false,"id":"3ADAFA114582B9DC18CB","participant":"","addressingMode":"pn"},"messageTimestamp":1766012260},{"key":{"remoteJid":"573136693029@s.whatsapp.net","fromMe":false,"id":"3A2A858C69B6B9DA60B4","participant":"","addressingMode":"pn"},"messageTimestamp":1766012260},{"key":{"remoteJid":"573136693029@s.whatsapp.net","fromMe":false,"id":"3A2160366945DFECDB45","participant":"","addressingMode":"pn"},"messageTimestamp":1766012263},{"key":{"remoteJid":"573136693029@s.whatsapp.net","fromMe":false,"id":"3AB31650BFBABFC5D053","participant":"","addressingMode":"pn"},"messageTimestamp":1766012267},{"key":{"remoteJid":"573136693029@s.whatsapp.net","fromMe":false,"id":"3A0039A9765F3C822BB5","participant":"","addressingMode":"pn"},"messageTimestamp":1766012273},{"key":{"remoteJid":"573136693029@s.whatsapp.net","fromMe":false,"id":"3A85A8551112549736D6","participant":"","addressingMode":"pn"},"messageTimestamp":1766012273},{"key":{"remoteJid":"573136693029@s.whatsapp.net","fromMe":false,"id":"3A43D3ED38E2996C6720","participant":"","addressingMode":"pn"},"messageTimestamp":1766012286},{"key":{"remoteJid":"573136693029@s.whatsapp.net","fromMe":false,"id":"3A3C4705DEBE2A25CFDE","participant":"","addressingMode":"pn"},"messageTimestamp":1766012295},{"key":{"remoteJid":"573136693029@s.whatsapp.net","fromMe":false,"id":"3AF027A4A1290D422A8A","participant":"","addressingMode":"pn"},"messageTimestamp":1766012298},{"key":{"remoteJid":"573136693029@s.whatsapp.net","fromMe":false,"id":"3A08DD3D269972692945","participant":"","addressingMode":"pn"},"messageTimestamp":1766012301},{"key":{"remoteJid":"573136693029@s.whatsapp.net","fromMe":false,"id":"3A64EFD5A3BA2AEF0EDE","participant":"","addressingMode":"pn"},"messageTimestamp":1766012307},{"key":{"remoteJid":"573136693029@s.whatsapp.net","fromMe":false,"id":"3AE50D7D4E8A8CE47524","participant":"","addressingMode":"pn"},"messageTimestamp":1766012307},{"key":{"remoteJid":"573136693029@s.whatsapp.net","fromMe":false,"id":"3A9BE762DD44A61784D8","participant":"","addressingMode":"pn"},"messageTimestamp":1766012311},{"key":{"remoteJid":"573136693029@s.whatsapp.net","fromMe":false,"id":"3A5A2EC58D1A9EF97EB8","participant":"","addressingMode":"pn"},"messageTimestamp":1766012317},{"key":{"remoteJid":"573136693029@s.whatsapp.net","fromMe":false,"id":"3AE72E7D1F8EE7CDA6C6","participant":"","addressingMode":"pn"},"messageTimestamp":1766012317},{"key":{"remoteJid":"573136693029@s.whatsapp.net","fromMe":false,"id":"3AA3D470EE0E64A0339F","participant":"","addressingMode":"pn"},"messageTimestamp":1766012323},{"key":{"remoteJid":"573136693029@s.whatsapp.net","fromMe":false,"id":"3A6155D84FAFD87AF699","participant":"","addressingMode":"pn"},"messageTimestamp":1766012329},{"key":{"remoteJid":"573136693029@s.whatsapp.net","fromMe":false,"id":"3A8F413406AE9A42E2D3","participant":"","addressingMode":"pn"},"messageTimestamp":1766012329},{"key":{"remoteJid":"573136693029@s.whatsapp.net","fromMe":false,"id":"3A3F535617F57E871C58","participant":"","addressingMode":"pn"},"messageTimestamp":1766012333},{"key":{"remoteJid":"573136693029@s.whatsapp.net","fromMe":false,"id":"3AA8B241C4D4D890730D","participant":"","addressingMode":"pn"},"messageTimestamp":1766012339},{"key":{"remoteJid":"573136693029@s.whatsapp.net","fromMe":false,"id":"3A4E4DF8B4D64898E9ED","participant":"","addressingMode":"pn"},"messageTimestamp":1766012339},{"key":{"remoteJid":"573136693029@s.whatsapp.net","fromMe":false,"id":"3AA7A84A4705E99C9384","participant":"","addressingMode":"pn"},"messageTimestamp":1766012342},{"key":{"remoteJid":"573136693029@s.whatsapp.net","fromMe":false,"id":"3AEAE0EEAFDD5A85C122","participant":"","addressingMode":"pn"},"messageTimestamp":1766012349},{"key":{"remoteJid":"573136693029@s.whatsapp.net","fromMe":false,"id":"3A9B9C7DA4CBA33DF54A","participant":"","addressingMode":"pn"},"messageTimestamp":1766012349},{"key":{"remoteJid":"573136693029@s.whatsapp.net","fromMe":false,"id":"3ABE52031D6C48CC53FD","participant":"","addressingMode":"pn"},"messageTimestamp":1766012352},{"key":{"remoteJid":"573136693029@s.whatsapp.net","fromMe":false,"id":"3AB16B101F2A6AB4A0B3","participant":"","addressingMode":"pn"},"messageTimestamp":1766012361},{"key":{"remoteJid":"573136693029@s.whatsapp.net","fromMe":false,"id":"3AFBAE084A28EBDC5273","participant":"","addressingMode":"pn"},"messageTimestamp":1766012361},{"key":{"remoteJid":"573136693029@s.whatsapp.net","fromMe":false,"id":"3A5548BB95D7489B0868","participant":"","addressingMode":"pn"},"messageTimestamp":1766012364},{"key":{"remoteJid":"573136693029@s.whatsapp.net","fromMe":false,"id":"3A69BA6FC4B59A4C2950","participant":"","addressingMode":"pn"},"messageTimestamp":1766012370},{"key":{"remoteJid":"573136693029@s.whatsapp.net","fromMe":false,"id":"3A9561D3A23981736ADC","participant":"","addressingMode":"pn"},"messageTimestamp":1766012370},{"key":{"remoteJid":"573136693029@s.whatsapp.net","fromMe":false,"id":"3A6E72AA8B7BBCED89C9","participant":"","addressingMode":"pn"},"messageTimestamp":1766012374},{"key":{"remoteJid":"573136693029@s.whatsapp.net","fromMe":false,"id":"3AC9DF5077D5FC72C863","participant":"","addressingMode":"pn"},"messageTimestamp":1766012377},{"key":{"remoteJid":"573136693029@s.whatsapp.net","fromMe":false,"id":"3AA3AA0C1FCA1C2D3389","participant":"","addressingMode":"pn"},"messageTimestamp":1766012383},{"key":{"remoteJid":"573136693029@s.whatsapp.net","fromMe":false,"id":"3AE0E6CA8E2C4A760736","participant":"","addressingMode":"pn"},"messageTimestamp":1766012383},{"key":{"remoteJid":"573136693029@s.whatsapp.net","fromMe":false,"id":"3AD114247642B490AD4B","participant":"","addressingMode":"pn"},"messageTimestamp":1766012386},{"key":{"remoteJid":"573136693029@s.whatsapp.net","fromMe":false,"id":"3A466C8024E7AD9B6B3A","participant":"","addressingMode":"pn"},"messageTimestamp":1766012392},{"key":{"remoteJid":"573136693029@s.whatsapp.net","fromMe":false,"id":"3A022DD8A3C796691248","participant":"","addressingMode":"pn"},"messageTimestamp":1766012392},{"key":{"remoteJid":"573136693029@s.whatsapp.net","fromMe":false,"id":"3AB8E74B8193E5AD778C","participant":"","addressingMode":"pn"},"messageTimestamp":1766012395},{"key":{"remoteJid":"573136693029@s.whatsapp.net","fromMe":false,"id":"3AC97A27A14417E91DC3","participant":"","addressingMode":"pn"},"messageTimestamp":1766012396},{"key":{"remoteJid":"573136693029@s.whatsapp.net","fromMe":false,"id":"3AB97ED9502491429131","participant":"","addressingMode":"pn"},"messageTimestamp":1766012397}],"nextPreKeyId":815,"firstUnuploadedPreKeyId":815,"accountSyncCounter":2,"accountSettings":{"unarchiveChats":false},"registered":false,"account":{"details":"CP7QuNUDEPjojMoGGAIgACgA","accountSignatureKey":"AVfdMXYWMxKwoI8QKTS/39U1S0MB4QlLGpK735r9T3k=","accountSignature":"c7y7pY2LcuLJ5U0fwLGgZabjf2jXLy3IfN2HEWdRzdprgyUZ/XhYaOS31UotrYVfxHRqICrR9/bP+xdM4Wwhhw==","deviceSignature":"yQagEvC1b5+f1ZqTvuky5hUD0tOLavh8Yw+K5KYizgHkNwoza+Z+kE5GsgkeFyEHx8gaYHGp9BcpWw7h4rK2Bw=="},"me":{"id":"573136693029:18@s.whatsapp.net","lid":"165059972087855:18@lid","name":"A"},"signalIdentities":[{"identifier":{"name":"165059972087855:18@lid","deviceId":0},"identifierKey":{"type":"Buffer","data":"BQFX3TF2FjMSsKCPECk0v9/VNUtDAeEJSxqSu9+a/U95"}}],"platform":"iphone","routingInfo":{"type":"Buffer","data":"CAUIDQgC"},"lastAccountSyncTimestamp":1766348492,"lastPropHash":"3R9Z39","myAppStateKeyId":"AAAAAHpP"}